distrito,año,Superficie (Ha.),Población densidad (hab./Ha.),Número Habitantes,Población Hombres,Población Mujeres,Edad media de la población,Población de 0 a 14 años,Población de 15 a 29 años,Población de 30 a 44  años,Población de 45 a 64 años,Población de 65 a 79 años,Población de 80 años y más,Población de 65 años y más,Personas con nacionalidad española,Personas con nacionalidad española Hombres,Personas con nacionalidad española Mujeres,Personas con nacionalidad extranjera,Personas con nacionalidad extranjera Hombres,Personas con nacionalidad extranjera Mujeres,Renta neta media anual de los hogares (Urban Audit),Renta disponible media por persona,Paro registrado (número de personas registradas en SEPE en febrero),Paro registrado (número de personas registradas en SEPE en febrero) hombres,Paro registrado (número de personas registradas en SEPE en febrero) mujeres,Tasa absoluta de paro registrado (febrero),Tasa absoluta de paro registrado Mujeres,Tasa de desempleo en mujeres de 16 a 24 años,Tasa de desempleo en mujeres de 25 a 44 años,Tasa de desempleo en mujeres de 45 a 64 años,Tasa absoluta de paro registrado Hombres,Tasa de desempleo en hombres de 16 a 24 años,Tasa de desempleo en hombres de 25 a 44 años,Tasa de desempleo en hombres de 45 a 64 años,Personas paradas de larga duración (febrero),Personas paradas de larga duración (febrero) hombres,Personas paradas de larga duración (febrero) mujeres,Personas paradas que SÍ perciben prestaciones (febrero),Personas paradas que SÍ perciben prestaciones (febrero) hombres,Personas paradas que SÍ perciben prestaciones (febrero) mujeres,Personas paradas que NO perciben prestaciones (febrero),Personas paradas que NO perciben prestaciones (febrero) hombres,Personas paradas que NO perciben prestaciones (febrero) mujeres,Población en etapas educativas,Alumnado en Centros privados concertados,Alumnado en Centros privados sin concierto,Alumnado en Centros públicos,Total alumnado extranjero,Alumnado extranjero en Centros privados concertados,Alumnado extranjero en Centros privados sin concierto,Alumnado extranjero en Centros públicos,Total alumnado con necesidades de apoyo educativo,Alumnado con necesidades de apoyo educativo en Centros privados concertados,Alumnado con necesidades de apoyo educativo en Centros privados sin concierto,Alumnado con necesidades de apoyo educativo en Centros públicos,Población mayor/igual  de 25 años  que no sabe leer ni escribir o sin estudios,Población mayor/igual  de 25 años con enseñanza primaria incompleta,"Población mayor/igual  de 25 años con Bachiller Elemental, Graduado Escolar, ESO, Formación profesional 1º grado","Población mayor/igual  de 25 años con Formación profesional 2º grado, Bachiller Superior o BUP","Población mayor/igual  de 25 años con titulación media, diplomatura, arquitectura o ingeniería técnica","Población mayor/igual  de 25 años  con estudios superiores, licenciatura, arquitectura, ingeniería sup., estudios sup. no universitarios, doctorado,  postgraduado",Población mayor/igual  de 25 años con Nivel de estudios desconocido y/o no consta,Casos trabajados por el programa de absentismo municipal,Número de personas con grado de discapacidad reconocido,Número de personas con grado de discapacidad reconocido Hombres,Número de personas con grado de discapacidad reconocido Mujeres,Satisfacción de vivir en su barrio,Calidad de vida actual en su barrio,Percepción de seguridad en Madrid,Percepción de seguridad en el barrio por el día,Percepción de seguridad en el barrio por la noche,Solicitudes tramitadas de Renta Mínima de Inserción,Personas perceptoras de prestación de la Renta Mínima de Inserción,Personas beneficiarias de prestaciones sociales de carácter económico,Total prestaciones sociales de carácter económico,Personas con Servicio de Ayuda a Domicilio (modalidad auxiliar de hogar),Número Total de viviendas (Censo Edificios y Viviendas 2011),Viviendas anteriores a 1980,Viviendas en estado ruinoso,Viviendas en estado malo,Viviendas en estado deficiente,Viviendas en estado bueno,Estado de la vivienda no consta,Número Total de viviendas familiares (Censo Edificios y Viviendas 2011),Número Total de viviendas familiares (Censo Edificios y Viviendas 2011) Principal,Número Total de viviendas familiares (Censo Edificios y Viviendas 2011)  Secundaria,Número Total de viviendas familiares (Censo Edificios y Viviendas 2011)  Población desocupada,Intervenciones de la Policía Municipal en materia de seguridad: delitos relacionados con las personas,Intervenciones de la Policía Municipal en materia de seguridad: relacionadas con la tenencia de armas,Intervenciones de la Policía Municipal en materia de seguridad: relacionadas con el patrimonio,Intervenciones de la Policía Municipal en materia de seguridad: relacionadas con la tenencia y consumo de drogas,Atestados/partes de accidentes de tráfico confeccionados,Personas detenidas e investigadas por la Policía Municipal en materia de seguridad: Total  personas detenidas e investigadas,"Elecciones municipales, censo electoral","Elecciones municipales, abstenciones","Elecciones  municipales, votos en blanco","Elecciones municipales, votos a candidaturas","Elecciones municipales, votos a Más Madrid","Elecciones municipales, votos al Partido Popular","Elecciones municipales, votos a Ciudadanos-Partido de la Ciudadanía","Elecciones municipales, votos al Partido Socialista Obrero Español","Elecciones municipales, votos a VOX",Sedentarismo,Consumo de tabaco diario,Consumo de medicamentos,Autopercepción de buen estado de salud  (porcentaje respuesta muy buena + buena),Calidad de vida relacionada con la salud (CVRS),Presencia de enfermedad crónica,Hipertensión arterial,Diabetes Mellitus,Personas con obesidad,Personas con sobrepeso,Prevalencia de obesidad en la población infantil (2017. Estudio Madrid Salud. UCM),Probabilidad de padecer enfermedad mental (GHQ-12)          (2018. EMS),Grado de satisfacción con los espacios verdes,Grado de satisfacción con los parques infantiles,Grado de satisfacción con los centros culturales,Grado de satisfacción con las instalaciones deportivas,Grado de satisfacción de los servicios sociales municipales,Superficie media construida (m2) inmuebles de uso residencial,Año medio de contrucción de inmuebles de uso residencial,Total hogares,Tamaño medio del hogar,Hogares con una mujer sola mayor de 65 años,Hogares con un hombre solo mayor de 65 años,Hogares monoparentales: una mujer adulta con uno o más menores,Hogares monoparentales: un hombre adulto con uno o más menores,Tasa de crecimiento demográfico (porcentaje),Esperanza de vida al nacer Mujeres,Esperanza de vida al nacer Hombres,Esperanza de vida mayor de 65 años Mujeres,Esperanza de vida mayor de 65 años Hombres,Crecimiento/decrecimiento Renta Bruta Per cápita 2016(a)-2008,Pensión media mensual Hombres,"Pensión media mensual  Mujeres
"
Centro,2019,523.0,258.0,134881.0,67829.0,67052.0,44.03,10554.0,21800.0,42857.0,38025.0,14196.0,7449.0,21645.0,104041.0,51264.0,52777.0,30837.0,16564.0,14273.0,32458.0,24920.0,7595.0,3974.0,3621.0,7.05,7.15,2.87,6.01,9.91,6.96,3.03,5.34,10.23,2523.0,1308.0,1215.0,2523.0,1308.0,1215.0,4215.0,2184.0,2031.0,11171.0,5717.0,1695.0,8482.0,2561.0,1340.0,148.0,1073.0,664.0,422.0,14.0,227.0,3458.0,8982.0,21654.0,21229.0,11215.0,48567.0,93.0,92.0,12729.0,6378.0,6351.0,7.73,7.36,7.65,8.27,6.98,,790.0,,481457.0,,86795.0,74370.0,330.0,1725.0,7895.0,74970.0,1875.0,86795.0,70500.0,5095.0,11200.0,943.0,716.0,1439.0,2155.0,1271.0,1852.0,98873.0,32505.0,273.0,65900.0,32421.0,11379.0,8851.0,6069.0,3625.0,,,,,,,,,,,,,6.5,5.4,6.9,5.5,5.9,,1926.0,67296.0,2.0,5117.0,2171.0,922.0,194.0,1.89,88.0,81.0,24.0,20.0,2509.0,1368.0,934.0
Centro,2018,,,,,,,,,,,,,,,,,,,,36072.0,,,,,,,,,,,,,,,,,,,,,,,,,,,,,,,,,,,,,,,,,,,,,,,,,,,382.0,926.0,916.0,473079.0,2357.0,,,,,,,,,,,,,,,,,,,,,,,,,,,0.27,0.23,0.63,0.76,0.2,0.34,0.13,0.04,0.09,0.26,0.17,0.22,,,,,,,,,,,,,,,,,,,,,
Centro,2020,,,,,,,,,,,,,,106387.0,52871.0,53516.0,34084.0,18255.0,15829.0,36984.0,18314.0,,,,,,,,,,,,,,,,,,,,,,10919.0,5620.0,1854.0,8460.0,2689.0,1310.0,254.0,1125.0,702.0,386.0,12.0,304.0,3292.0,8630.0,21988.0,21928.0,11344.0,52974.0,85.0,87.0,13366.0,6704.0,,,,,,,361.0,653.0,,421419.0,2285.0,,,,,,,,,,,,431.0,303.0,848.0,1309.0,734.0,1297.0,,,,,,,,,,,,,,,,,,,,,,,,,,,108.0,1926.0,69187.0,2.03,5057.0,2269.0,815.0,172.0,0.5,86.0,80.0,23.0,18.0,,1392.0,1160.0
Arganzuela,2019,646.0,238.0,153830.0,71631.0,82199.0,44.55,18187.0,22294.0,38224.0,45479.0,19685.0,9961.0,29646.0,138533.0,64425.0,74108.0,15295.0,7205.0,8090.0,,24137.0,6802.0,3076.0,3726.0,,,,,,,,,,2443.0,995.0,1448.0,2443.0,995.0,1448.0,3587.0,1514.0,2073.0,19400.0,5537.0,2960.0,9283.0,1352.0,443.0,56.0,853.0,517.0,237.0,15.0,264.0,3135.0,10120.0,24471.0,24002.0,15086.0,46042.0,157.0,64.0,9676.0,4328.0,5348.0,8.13,7.79,6.71,8.48,6.86,,230.0,,180710.0,,76260.0,45920.0,540.0,1885.0,7200.0,65310.0,1320.0,76260.0,67175.0,2365.0,6725.0,199.0,19.0,287.0,306.0,949.0,291.0,120913.0,30928.0,388.0,89317.0,35017.0,18850.0,16757.0,9464.0,5772.0,,,,,,,,,,,,,7.0,6.6,7.1,6.6,6.2,,1976.0,65005.0,2.37,6008.0,1722.0,1107.0,232.0,1.18,89.0,84.0,24.9,21.1,,1594.0,1116.0
Arganzuela,2018,,,,,,,,,,,,,,,,,,,,43789.0,,,,,,,,,,,,,,,,,,,,,,,,,,,,,,,,,,,,,,,,,,,,,,,,,,,129.0,276.0,278.0,168894.0,2209.0,,,,,,,,,,,,,,,,,,,,,,,,,,,0.26,0.2,0.67,0.74,0.2,0.43,0.18,0.06,0.1,0.35,0.12,0.17,,,,,,,,,,,,,,0.6,87.0,83.0,24.0,21.0,,1563.0,1091.0
Arganzuela,2016,,,,,,,,,,,,,,,,,,,,41122.0,24511.0,,,,,,,,,,,,,,,,,,,,,,,,,,,,,,,,,,,,,,,,,,,,,,,,,,,,,,,,,,,,,,,,,,,,,,,,,,,,,,,,,,,,,,,,,,,,,,,,,,,,,,,,,,,,,,,,,
Arganzuela,2008,,,,,,,,,,,,,,,,,,,,,,,,,,,,,,,,,,,,,,,,,,,,,,,,,,,,,,,,,,,,,,,,,,,,,,,,,,,,,,,,,,,,,,,,,,,,,,,,,,,,,,,,,,,,,,,,,,,,,,,,,,,,,,,,,,,,2701.0,,
Arganzuela,2020,,,,,,,,,,,,,,139292.0,64861.0,74431.0,16367.0,7738.0,8629.0,45310.0,19284.0,,,,6.39,6.74,2.77,6.22,8.21,6.01,3.4,5.28,7.54,,,,,,,,,,19104.0,5654.0,3415.0,9766.0,1583.0,531.0,137.0,915.0,711.0,372.0,1.0,338.0,2951.0,9674.0,24096.0,24200.0,14965.0,48689.0,145.0,44.0,9891.0,4419.0,,,,,,,163.0,203.0,,379078.0,2188.0,,,,,,,,,,,,100.0,11.0,163.0,181.0,602.0,261.0,,,,,,,,,,,,,,,,,,,,,,,,,,,95.0,1976.0,65670.0,2.37,6050.0,1747.0,1103.0,226.0,-0.9,86.0,79.0,22.0,18.0,,1646.0,1283.0
Retiro,2019,547.0,218.0,119379.0,54098.0,65281.0,47.04,14096.0,16416.0,25001.0,33118.0,20322.0,10426.0,30748.0,110114.0,50211.0,59903.0,9265.0,3887.0,5378.0,,30190.0,4097.0,1787.0,2310.0,,,,,,,,,,1517.0,604.0,913.0,1517.0,604.0,913.0,2271.0,942.0,1329.0,14979.0,9211.0,2267.0,5474.0,857.0,176.0,36.0,645.0,288.0,123.0,6.0,158.0,1843.0,5922.0,15126.0,18517.0,11831.0,42411.0,134.0,25.0,6306.0,2870.0,3436.0,8.22,8.03,6.5,8.11,6.66,,90.0,,107780.0,,56595.0,43185.0,45.0,255.0,445.0,54950.0,900.0,56595.0,51010.0,1980.0,3605.0,70.0,20.0,86.0,106.0,1082.0,177.0,96176.0,22587.0,266.0,73112.0,20563.0,22792.0,15400.0,6215.0,6201.0,,,,,,,,,,,,,7.6,7.3,7.6,7.4,7.4,,1965.0,48673.0,2.45,5537.0,1508.0,737.0,187.0,0.86,88.0,84.0,25.5,21.6,,1795.0,1218.0
Retiro,2018,,,,,,,,,,,,,,,,,,,,55775.0,,,,,,,,,,,,,,,,,,,,,,,,,,,,,,,,,,,,,,,,,,,,,,,,,,,42.0,128.0,179.0,123171.0,1411.0,,,,,,,,,,,,,,,,,,,,,,,,,,,0.24,0.15,0.68,0.77,0.2,0.4,0.2,0.06,0.1,0.37,0.11,0.18,,,,,,,,,,,,,,0.31,88.0,84.0,25.0,22.0,,1719.0,1192.0
Retiro,2016,,,,,,,,,,,,,,,,,,,,52963.0,27616.0,,,,,,,,,,,,,,,,,,,,,,,,,,,,,,,,,,,,,,,,,,,,,,,,,,,,,,,,,,,,,,,,,,,,,,,,,,,,,,,,,,,,,,,,,,,,,,,,,,,,,,,,,,,,,,,,,
Retiro,2008,,,,,,,,,,,,,,,,,,,,,,,,,,,,,,,,,,,,,,,,,,,,,,,,,,,,,,,,,,,,,,,,,,,,,,,,,,,,,,,,,,,,,,,,,,,,,,,,,,,,,,,,,,,,,,,,,,,,,,,,,,,,,,,,,,,,1424.0,,
Retiro,2020,,,,,,,,,,,,,,110208.0,50251.0,59957.0,10198.0,4266.0,5932.0,56302.0,23227.0,,,,5.5,5.85,1.97,5.46,7.15,5.11,1.69,4.78,6.43,,,,,,,,,,14928.0,9184.0,2400.0,5479.0,991.0,198.0,49.0,744.0,318.0,121.0,10.0,187.0,1732.0,5612.0,14902.0,18469.0,11694.0,44108.0,128.0,23.0,6376.0,2898.0,,,,,,,64.0,80.0,,354920.0,1337.0,,,,,,,,,,,,32.0,11.0,51.0,106.0,668.0,135.0,,,,,,,,,,,,,,,,,,,,,,,,,,,129.0,1965.0,49152.0,2.45,5614.0,1551.0,755.0,179.0,-1.6,86.0,80.0,23.0,19.0,,1859.0,1412.0
Salamanca,2019,539.0,271.0,146148.0,64395.0,81753.0,46.24,15569.0,23762.0,32789.0,39115.0,21888.0,13025.0,34913.0,126773.0,56225.0,70548.0,19375.0,8170.0,11205.0,,35091.0,4717.0,1961.0,2756.0,,,,,,,,,,1702.0,671.0,1031.0,1702.0,671.0,1031.0,2441.0,961.0,1480.0,16586.0,12943.0,3398.0,3189.0,1209.0,571.0,151.0,487.0,457.0,365.0,8.0,83.0,1889.0,6040.0,16947.0,21753.0,12678.0,58513.0,168.0,25.0,6835.0,2906.0,3929.0,7.82,7.75,6.98,8.17,7.3,,106.0,,195645.0,,83575.0,76295.0,70.0,265.0,1255.0,80955.0,1035.0,83575.0,62705.0,7730.0,13140.0,113.0,18.0,438.0,456.0,1735.0,693.0,112709.0,30186.0,343.0,81982.0,16702.0,31356.0,17580.0,6040.0,8625.0,,,,,,,,,,,,,6.4,5.7,6.4,6.0,6.0,,1953.0,62951.0,2.32,7213.0,2108.0,900.0,220.0,1.16,88.0,84.0,24.8,21.4,,1714.0,1179.0
Salamanca,2018,,,,,,,,,,,,,,,,,,,,61466.0,,,,,,,,,,,,,,,,,,,,,,,,,,,,,,,,,,,,,,,,,,,,,,,,,,,100.0,128.0,390.0,255549.0,1946.0,,,,,,,,,,,,,,,,,,,,,,,,,,,0.31,0.17,0.66,0.76,0.2,0.41,0.16,0.06,0.12,0.25,0.11,0.17,,,,,,,,,,,,,,0.6,87.0,84.0,24.0,21.0,,1723.0,1153.0
Salamanca,2016,,,,,,,,,,,,,,,,,,,,57147.0,28128.0,,,,,,,,,,,,,,,,,,,,,,,,,,,,,,,,,,,,,,,,,,,,,,,,,,,,,,,,,,,,,,,,,,,,,,,,,,,,,,,,,,,,,,,,,,,,,,,,,,,,,,,,,,,,,,,,,
Salamanca,2008,,,,,,,,,,,,,,,,,,,,,,,,,,,,,,,,,,,,,,,,,,,,,,,,,,,,,,,,,,,,,,,,,,,,,,,,,,,,,,,,,,,,,,,,,,,,,,,,,,,,,,,,,,,,,,,,,,,,,,,,,,,,,,,,,,,,-123.0,,
Salamanca,2020,,,,,,,,,,,,,,126480.0,56241.0,70239.0,21374.0,8979.0,12395.0,60401.0,25932.0,,,,4.89,5.26,1.63,4.37,7.29,4.45,2.08,3.68,6.15,,,,,,,,,,16507.0,12993.0,3852.0,3144.0,1440.0,692.0,229.0,519.0,484.0,348.0,5.0,131.0,1755.0,5701.0,16700.0,21585.0,12474.0,60883.0,161.0,26.0,6892.0,2949.0,,,,,,,81.0,82.0,,368468.0,1836.0,,,,,,,,,,,,79.0,22.0,435.0,425.0,1063.0,558.0,,,,,,,,,,,,,,,,,,,,,,,,,,,133.0,1953.0,63477.0,2.33,7213.0,2158.0,874.0,198.0,-1.3,86.0,81.0,23.0,18.0,,1773.0,1370.0
Chamartin,2019,918.0,159.0,145865.0,65565.0,80300.0,45.39,18986.0,21628.0,31956.0,39339.0,21813.0,12143.0,33956.0,132067.0,60057.0,72010.0,13798.0,5508.0,8290.0,,37952.0,4577.0,1948.0,2629.0,,,,,,,,,,1721.0,694.0,1027.0,1721.0,694.0,1027.0,2329.0,947.0,1382.0,20152.0,16780.0,12269.0,7442.0,1824.0,556.0,586.0,682.0,1082.0,755.0,150.0,176.0,1681.0,5340.0,15869.0,20908.0,12760.0,57689.0,324.0,26.0,6625.0,3078.0,3547.0,8.4,8.05,7.49,8.68,7.3,,117.0,,93301.0,,72120.0,59855.0,120.0,175.0,1635.0,69735.0,460.0,72120.0,60785.0,4100.0,7235.0,100.0,15.0,154.0,169.0,1604.0,314.0,113650.0,27869.0,364.0,85227.0,16889.0,33039.0,19358.0,5950.0,8252.0,,,,,,,,,,,,,6.7,6.2,7.1,6.9,6.4,,1970.0,58240.0,2.5,6473.0,1842.0,942.0,253.0,1.15,89.0,84.0,25.3,21.7,,1772.0,1217.0
Chamartin,2018,,,,,,,,,,,,,,,,,,,,70735.0,,,,,,,,,,,,,,,,,,,,,,,,,,,,,,,,,,,,,,,,,,,,,,,,,,,82.0,148.0,128.0,138528.0,1679.0,,,,,,,,,,,,,,,,,,,,,,,,,,,0.25,0.19,0.65,0.78,0.19,0.35,0.15,0.04,0.09,0.27,0.11,0.18,,,,,,,,,,,,,,0.67,88.0,83.0,25.0,21.0,,1716.0,1127.0
Chamartin,2016,,,,,,,,,,,,,,,,,,,,65260.0,28044.0,,,,,,,,,,,,,,,,,,,,,,,,,,,,,,,,,,,,,,,,,,,,,,,,,,,,,,,,,,,,,,,,,,,,,,,,,,,,,,,,,,,,,,,,,,,,,,,,,,,,,,,,,,,,,,,,,
Chamartin,2008,,,,,,,,,,,,,,,,,,,,,,,,,,,,,,,,,,,,,,,,,,,,,,,,,,,,,,,,,,,,,,,,,,,,,,,,,,,,,,,,,,,,,,,,,,,,,,,,,,,,,,,,,,,,,,,,,,,,,,,,,,,,,,,,,,,,426.0,,
Chamartin,2020,,,,,,,,,,,,,,132677.0,60487.0,72190.0,14873.0,5936.0,8937.0,69202.0,27719.0,,,,4.91,5.27,1.46,4.31,7.25,4.5,1.3,3.43,6.67,,,,,,,,,,20283.0,16651.0,12855.0,7278.0,1949.0,646.0,612.0,691.0,1199.0,890.0,141.0,168.0,1584.0,5120.0,15621.0,20839.0,12604.0,59896.0,296.0,20.0,6702.0,3125.0,,,,,,,80.0,97.0,,223764.0,1539.0,,,,,,,,,,,,53.0,7.0,93.0,149.0,842.0,239.0,,,,,,,,,,,,,,,,,,,,,,,,,,,135.0,1970.0,58797.0,2.51,6483.0,1847.0,872.0,243.0,-1.3,85.0,80.0,22.0,19.0,,1834.0,1408.0
Tetuan,2019,537.0,294.0,157937.0,71632.0,86305.0,44.13,17399.0,26587.0,40965.0,42460.0,18801.0,11725.0,30526.0,127859.0,58540.0,69319.0,30078.0,13092.0,16986.0,,20468.0,8193.0,3623.0,4570.0,,,,,,,,,,3100.0,1240.0,1860.0,3100.0,1240.0,1860.0,4304.0,1798.0,2506.0,18510.0,6209.0,1739.0,4783.0,2501.0,920.0,86.0,1495.0,859.0,606.0,4.0,248.0,4883.0,13461.0,33602.0,22985.0,11711.0,39769.0,205.0,226.0,8959.0,4143.0,4816.0,6.65,6.71,7.03,8.08,6.04,,736.0,,493122.0,,80160.0,56530.0,270.0,1130.0,5940.0,72245.0,580.0,80160.0,68100.0,2945.0,9120.0,344.0,30.0,228.0,258.0,1040.0,502.0,112989.0,39912.0,346.0,72476.0,21319.0,19120.0,13769.0,9544.0,6283.0,,,,,,,,,,,,,6.8,6.3,7.2,6.8,6.8,,1971.0,66428.0,2.38,6648.0,2002.0,1018.0,230.0,2.11,87.0,83.0,24.8,21.1,,1449.0,1019.0
Tetuan,2018,,,,,,,,,,,,,,,,,,,,37557.0,,,,,,,,,,,,,,,,,,,,,,,,,,,,,,,,,,,,,,,,,,,,,,,,,,,313.0,900.0,515.0,437372.0,3400.0,,,,,,,,,,,,,,,,,,,,,,,,,,,0.31,0.2,0.7,0.67,0.2,0.41,0.17,0.07,0.12,0.32,0.17,0.21,,,,,,,,,,,,,,1.26,87.0,82.0,24.0,20.0,,1396.0,971.0
Tetuan,2016,,,,,,,,,,,,,,,,,,,,35609.0,21324.0,,,,,,,,,,,,,,,,,,,,,,,,,,,,,,,,,,,,,,,,,,,,,,,,,,,,,,,,,,,,,,,,,,,,,,,,,,,,,,,,,,,,,,,,,,,,,,,,,,,,,,,,,,,,,,,,,
Tetuan,2008,,,,,,,,,,,,,,,,,,,,,,,,,,,,,,,,,,,,,,,,,,,,,,,,,,,,,,,,,,,,,,,,,,,,,,,,,,,,,,,,,,,,,,,,,,,,,,,,,,,,,,,,,,,,,,,,,,,,,,,,,,,,,,,,,,,,4.0,,
Tetuan,2020,,,,,,,,,,,,,,128967.0,59245.0,69722.0,32346.0,14113.0,18233.0,38799.0,16336.0,,,,7.29,7.64,4.2,6.47,10.06,6.88,4.04,5.25,10.05,,,,,,,,,,18590.0,6258.0,1787.0,4733.0,2622.0,993.0,93.0,1536.0,825.0,519.0,2.0,304.0,4567.0,12941.0,33799.0,23615.0,11719.0,42517.0,193.0,183.0,9216.0,4210.0,,,,,,,195.0,631.0,,627050.0,3342.0,,,,,,,,,,,,195.0,21.0,173.0,162.0,709.0,350.0,,,,,,,,,,,,,,,,,,,,,,,,,,,91.0,1971.0,67306.0,2.4,6600.0,2040.0,988.0,201.0,-0.9,84.0,78.0,22.0,17.0,,1497.0,1181.0
Chamberi,2019,468.0,298.0,139448.0,61308.0,78140.0,46.34,14262.0,22708.0,32510.0,36244.0,21375.0,12349.0,33724.0,123626.0,54532.0,69094.0,15822.0,6776.0,9046.0,,33259.0,4832.0,2077.0,2755.0,,,,,,,,,,1637.0,639.0,998.0,1637.0,639.0,998.0,2473.0,1048.0,1425.0,15158.0,10953.0,5004.0,5397.0,2212.0,1084.0,443.0,685.0,608.0,336.0,15.0,256.0,1879.0,6199.0,17117.0,19185.0,11858.0,57383.0,173.0,30.0,6942.0,2951.0,3991.0,7.91,8.0,6.77,8.14,7.52,,122.0,,187334.0,,79780.0,72490.0,35.0,370.0,2290.0,76720.0,365.0,79780.0,63620.0,7120.0,9040.0,144.0,7.0,158.0,165.0,1201.0,251.0,110576.0,28402.0,352.0,81616.0,21582.0,28042.0,16577.0,6217.0,7183.0,,,,,,,,,,,,,6.9,6.2,7.4,6.9,6.5,,1956.0,62013.0,2.25,7457.0,2071.0,898.0,186.0,1.01,89.0,83.0,25.2,20.3,,1678.0,1191.0
Chamberi,2018,,,,,,,,,,,,,,,,,,,,54327.0,,,,,,,,,,,,,,,,,,,,,,,,,,,,,,,,,,,,,,,,,,,,,,,,,,,99.0,160.0,209.0,181095.0,2254.0,,,,,,,,,,,,,,,,,,,,,,,,,,,0.28,0.24,0.69,0.76,0.2,0.39,0.18,0.05,0.07,0.3,0.11,0.21,,,,,,,,,,,,,,0.74,87.0,82.0,25.0,20.0,,1754.0,1163.0
Chamberi,2016,,,,,,,,,,,,,,,,,,,,50882.0,27761.0,,,,,,,,,,,,,,,,,,,,,,,,,,,,,,,,,,,,,,,,,,,,,,,,,,,,,,,,,,,,,,,,,,,,,,,,,,,,,,,,,,,,,,,,,,,,,,,,,,,,,,,,,,,,,,,,,
Chamberi,2008,,,,,,,,,,,,,,,,,,,,,,,,,,,,,,,,,,,,,,,,,,,,,,,,,,,,,,,,,,,,,,,,,,,,,,,,,,,,,,,,,,,,,,,,,,,,,,,,,,,,,,,,,,,,,,,,,,,,,,,,,,,,,,,,,,,,1015.0,,
Chamberi,2020,,,,,,,,,,,,,,123791.0,54827.0,68964.0,17075.0,7309.0,9766.0,55757.0,24913.0,,,,5.24,5.55,2.26,4.83,7.31,4.87,1.95,4.17,6.7,,,,,,,,,,15042.0,11351.0,5129.0,5537.0,2307.0,1017.0,564.0,726.0,818.0,494.0,30.0,294.0,1747.0,5803.0,16802.0,19129.0,11675.0,59807.0,158.0,21.0,7032.0,2977.0,,,,,,,103.0,113.0,,257483.0,2172.0,,,,,,,,,,,,144.0,13.0,161.0,345.0,758.0,179.0,,,,,,,,,,,,,,,,,,,,,,,,,,,122.0,1956.0,62643.0,2.25,7415.0,2082.0,849.0,177.0,-1.6,86.0,81.0,23.0,19.0,,1737.0,1376.0
Fuencarral-El Pardo,2019,23784.0,10.0,246021.0,115797.0,130224.0,42.87,41951.0,33442.0,56190.0,63266.0,35876.0,15296.0,51172.0,225139.0,106781.0,118358.0,20882.0,9016.0,11866.0,,25933.0,8951.0,3827.0,5124.0,,,,,,,,,,3456.0,1273.0,2183.0,3456.0,1273.0,2183.0,4794.0,1901.0,2893.0,44201.0,19274.0,10484.0,17994.0,2679.0,761.0,167.0,1751.0,1954.0,984.0,276.0,693.0,6518.0,16266.0,38025.0,33993.0,21250.0,66690.0,133.0,165.0,12028.0,5805.0,6223.0,7.36,7.58,6.17,7.35,6.73,,467.0,,290716.0,,99260.0,52650.0,125.0,110.0,1890.0,95455.0,1680.0,99260.0,89585.0,2750.0,6925.0,130.0,22.0,110.0,132.0,1105.0,220.0,182995.0,49249.0,551.0,132808.0,33954.0,36871.0,31091.0,15341.0,11852.0,,,,,,,,,,,,,6.4,6.2,6.9,6.4,6.5,,1982.0,90495.0,2.72,7636.0,2239.0,2494.0,675.0,1.59,88.0,83.0,24.8,20.9,,1661.0,1096.0
Fuencarral-El Pardo,2018,,,,,,,,,,,,,,,,,,,,52858.0,,,,,,,,,,,,,,,,,,,,,,,,,,,,,,,,,,,,,,,,,,,,,,,,,,,230.0,498.0,734.0,349882.0,5159.0,,,,,,,,,,,,,,,,,,,,,,,,,,,0.29,0.16,0.66,0.73,0.2,0.37,0.16,0.05,0.11,0.33,0.12,0.21,,,,,,,,,,,,,,1.27,88.0,83.0,25.0,21.0,,1624.0,1034.0
Fuencarral-El Pardo,2016,,,,,,,,,,,,,,,,,,,,50087.0,22765.0,,,,,,,,,,,,,,,,,,,,,,,,,,,,,,,,,,,,,,,,,,,,,,,,,,,,,,,,,,,,,,,,,,,,,,,,,,,,,,,,,,,,,,,,,,,,,,,,,,,,,,,,,,,,,,,,,
Fuencarral-El Pardo,2008,,,,,,,,,,,,,,,,,,,,,,,,,,,,,,,,,,,,,,,,,,,,,,,,,,,,,,,,,,,,,,,,,,,,,,,,,,,,,,,,,,,,,,,,,,,,,,,,,,,,,,,,,,,,,,,,,,,,,,,,,,,,,,,,,,,,84.0,,
Fuencarral-El Pardo,2020,,,,,,,,,,,,,,227089.0,107692.0,119397.0,22884.0,9948.0,12936.0,54292.0,20217.0,,,,5.82,6.38,2.73,5.74,8.07,5.21,2.91,4.51,6.69,,,,,,,,,,44701.0,19916.0,10741.0,19270.0,2936.0,853.0,160.0,1923.0,2041.0,951.0,158.0,932.0,6165.0,15687.0,38062.0,34640.0,21158.0,69843.0,125.0,153.0,12614.0,6064.0,,,,,,,167.0,425.0,,385468.0,5007.0,,,,,,,,,,,,118.0,10.0,114.0,387.0,757.0,210.0,,,,,,,,,,,,,,,,,,,,,,,,,,,144.0,1982.0,91650.0,2.73,7876.0,2299.0,2475.0,672.0,-0.9,85.0,80.0,22.0,18.0,,1708.0,1266.0
Moncloa-Aravaca,2019,4653.0,26.0,119423.0,54934.0,64489.0,44.57,16148.0,19871.0,23762.0,33485.0,17033.0,9124.0,26157.0,106886.0,49700.0,57186.0,12535.0,5234.0,7301.0,,32912.0,4191.0,1841.0,2350.0,,,,,,,,,,1608.0,664.0,944.0,1608.0,664.0,944.0,2165.0,905.0,1260.0,17338.0,9147.0,10895.0,8924.0,1710.0,450.0,299.0,961.0,774.0,370.0,219.0,184.0,2229.0,6759.0,15641.0,16000.0,9824.0,39939.0,185.0,53.0,5992.0,2828.0,3164.0,8.1,7.95,7.08,8.35,7.05,,232.0,,196254.0,,55125.0,38340.0,25.0,215.0,1865.0,52235.0,780.0,55125.0,47510.0,2890.0,4725.0,174.0,20.0,276.0,296.0,1187.0,264.0,90595.0,22810.0,274.0,67307.0,18006.0,22102.0,13513.0,5906.0,5946.0,,,,,,,,,,,,,7.2,6.7,7.0,6.6,6.9,,1977.0,45650.0,2.62,4546.0,1408.0,970.0,246.0,1.87,88.0,83.0,24.7,21.0,,1648.0,1112.0
Moncloa-Aravaca,2018,,,,,,,,,,,,,,,,,,,,64066.0,,,,,,,,,,,,,,,,,,,,,,,,,,,,,,,,,,,,,,,,,,,,,,,,,,,104.0,245.0,444.0,223219.0,2269.0,,,,,,,,,,,,,,,,,,,,,,,,,,,0.23,0.18,0.67,0.78,0.19,0.35,0.17,0.05,0.06,0.28,0.12,0.19,,,,,,,,,,,,,,1.34,88.0,83.0,25.0,21.0,,1562.0,1118.0
Moncloa-Aravaca,2016,,,,,,,,,,,,,,,,,,,,57423.0,26039.0,,,,,,,,,,,,,,,,,,,,,,,,,,,,,,,,,,,,,,,,,,,,,,,,,,,,,,,,,,,,,,,,,,,,,,,,,,,,,,,,,,,,,,,,,,,,,,,,,,,,,,,,,,,,,,,,,
Moncloa-Aravaca,2008,,,,,,,,,,,,,,,,,,,,,,,,,,,,,,,,,,,,,,,,,,,,,,,,,,,,,,,,,,,,,,,,,,,,,,,,,,,,,,,,,,,,,,,,,,,,,,,,,,,,,,,,,,,,,,,,,,,,,,,,,,,,,,,,,,,,244.0,,
Moncloa-Aravaca,2020,,,,,,,,,,,,,,107972.0,50136.0,57836.0,13710.0,5839.0,7871.0,62202.0,24138.0,,,,5.37,5.71,1.94,5.56,7.11,5.0,2.18,4.32,6.67,,,,,,,,,,17424.0,9031.0,11604.0,9122.0,1984.0,550.0,413.0,1021.0,1087.0,630.0,266.0,191.0,2099.0,6550.0,15777.0,16269.0,9863.0,41609.0,176.0,37.0,6142.0,2879.0,,,,,,,133.0,189.0,,296318.0,2198.0,,,,,,,,,,,,167.0,9.0,245.0,274.0,774.0,186.0,,,,,,,,,,,,,,,,,,,,,,,,,,,204.0,1977.0,46361.0,2.62,4567.0,1436.0,959.0,234.0,-0.7,85.0,80.0,22.0,19.0,,1705.0,1293.0
Latina,2019,2543.0,94.0,238154.0,110401.0,127753.0,46.49,27693.0,35815.0,49876.0,65741.0,37628.0,21401.0,59029.0,200981.0,93405.0,107576.0,37169.0,16992.0,20177.0,,15672.0,13138.0,5923.0,7215.0,,,,,,,,,,4861.0,1920.0,2941.0,4861.0,1920.0,2941.0,7380.0,3069.0,4311.0,29625.0,17919.0,3932.0,13823.0,4922.0,1784.0,158.0,2980.0,1523.0,750.0,40.0,732.0,11657.0,30804.0,60856.0,38508.0,15940.0,30645.0,288.0,322.0,15825.0,7650.0,8175.0,6.85,6.86,7.3,7.22,5.44,,1143.0,,847632.0,,115500.0,95320.0,250.0,810.0,5245.0,107455.0,1735.0,115500.0,99875.0,2735.0,12885.0,157.0,29.0,185.0,214.0,1037.0,350.0,175624.0,58383.0,430.0,116308.0,36084.0,27145.0,19357.0,19615.0,8459.0,,,,,,,,,,,,,7.1,6.2,6.6,6.5,6.5,,1977.0,95217.0,2.5,11033.0,3128.0,1788.0,305.0,1.66,88.0,82.0,25.0,20.9,,1433.0,906.0
Latina,2018,,,,,,,,,,,,,,,,,,,,31872.0,,,,,,,,,,,,,,,,,,,,,,,,,,,,,,,,,,,,,,,,,,,,,,,,,,,441.0,1275.0,1528.0,713183.0,9542.0,,,,,,,,,,,,,,,,,,,,,,,,,,,0.3,0.21,0.68,0.71,0.21,0.44,0.24,0.1,0.15,0.36,0.17,0.23,,,,,,,,,,,,,,1.0,88.0,82.0,25.0,21.0,,1417.0,878.0
Latina,2016,,,,,,,,,,,,,,,,,,,,30490.0,18974.0,,,,,,,,,,,,,,,,,,,,,,,,,,,,,,,,,,,,,,,,,,,,,,,,,,,,,,,,,,,,,,,,,,,,,,,,,,,,,,,,,,,,,,,,,,,,,,,,,,,,,,,,,,,,,,,,,
Latina,2008,,,,,,,,,,,,,,,,,,,,,,,,,,,,,,,,,,,,,,,,,,,,,,,,,,,,,,,,,,,,,,,,,,,,,,,,,,,,,,,,,,,,,,,,,,,,,,,,,,,,,,,,,,,,,,,,,,,,,,,,,,,,,,,,,,,,502.0,,
Latina,2020,,,,,,,,,,,,,,200803.0,93370.0,107433.0,41331.0,18908.0,22423.0,,,,,,8.52,8.98,4.67,8.49,10.72,8.02,5.02,7.25,9.76,,,,,,,,,,29721.0,17987.0,4026.0,14110.0,5858.0,2060.0,218.0,3580.0,1734.0,809.0,15.0,910.0,11016.0,29927.0,61898.0,39560.0,16073.0,32978.0,265.0,269.0,16184.0,7742.0,,,,,,,279.0,980.0,,1546.0,9584.0,,,,,,,,,,,,141.0,38.0,195.0,417.0,620.0,358.0,,,,,,,,,,,,,,,,,,,,,,,,,,,91.0,1977.0,95890.0,2.53,11173.0,3170.0,1676.0,295.0,-0.8,86.0,79.0,23.0,18.0,,1476.0,1058.0
Carabanchel,2019,1405.0,180.0,253040.0,117802.0,135238.0,43.44,35073.0,40745.0,57866.0,70661.0,30247.0,18448.0,48695.0,204105.0,94594.0,109511.0,48933.0,23207.0,25726.0,,13789.0,16114.0,7166.0,8948.0,,,,,,,,,,5985.0,2348.0,3637.0,5985.0,2348.0,3637.0,9427.0,3900.0,5527.0,37359.0,17998.0,1932.0,15330.0,5507.0,1967.0,106.0,3434.0,1529.0,584.0,3.0,941.0,12098.0,30685.0,69283.0,37971.0,15207.0,27387.0,302.0,569.0,16756.0,8078.0,8678.0,6.84,6.62,6.65,7.13,4.91,,1802.0,,432360.0,,115270.0,81365.0,125.0,1035.0,6090.0,103880.0,4135.0,115270.0,99610.0,3515.0,12145.0,376.0,49.0,296.0,345.0,1345.0,630.0,172660.0,66656.0,487.0,105024.0,35119.0,21098.0,17546.0,18738.0,7674.0,,,,,,,,,,,,,7.0,6.3,7.0,6.8,6.7,,1974.0,95680.0,2.64,9834.0,2690.0,2195.0,347.0,2.79,87.0,83.0,24.5,20.9,,1340.0,871.0
Carabanchel,2018,,,,,,,,,,,,,,,,,,,,29842.0,,,,,,,,,,,,,,,,,,,,,,,,,,,,,,,,,,,,,,,,,,,,,,,,,,,589.0,2027.0,1315.0,710151.0,8795.0,,,,,,,,,,,,,,,,,,,,,,,,,,,0.32,0.17,0.63,0.69,0.2,0.4,0.18,0.07,0.16,0.35,0.21,0.22,,,,,,,,,,,,,,1.92,88.0,81.0,25.0,20.0,,1313.0,830.0
Carabanchel,2016,,,,,,,,,,,,,,,,,,,,28301.0,17904.0,,,,,,,,,,,,,,,,,,,,,,,,,,,,,,,,,,,,,,,,,,,,,,,,,,,,,,,,,,,,,,,,,,,,,,,,,,,,,,,,,,,,,,,,,,,,,,,,,,,,,,,,,,,,,,,,,
Carabanchel,2008,,,,,,,,,,,,,,,,,,,,,,,,,,,,,,,,,,,,,,,,,,,,,,,,,,,,,,,,,,,,,,,,,,,,,,,,,,,,,,,,,,,,,,,,,,,,,,,,,,,,,,,,,,,,,,,,,,,,,,,,,,,,,,,,,,,,297.0,,
Carabanchel,2020,,,,,,,,,,,,,,205231.0,95281.0,109950.0,54964.0,26035.0,28929.0,,,,,,9.24,9.86,5.82,9.48,11.49,8.58,5.94,7.68,10.42,,,,,,,,,,37839.0,18386.0,2312.0,15393.0,6155.0,2173.0,192.0,3790.0,2205.0,817.0,10.0,1378.0,11512.0,30056.0,71522.0,39687.0,15423.0,29958.0,286.0,492.0,17205.0,8260.0,,,,,,,426.0,1570.0,,706476.0,8574.0,,,,,,,,,,,,397.0,46.0,423.0,528.0,833.0,507.0,,,,,,,,,,,,,,,,,,,,,,,,,,,86.0,1974.0,96923.0,2.68,9790.0,2801.0,2073.0,332.0,-0.6,84.0,79.0,22.0,17.0,,1375.0,1008.0
Usera,2019,778.0,179.0,139501.0,65781.0,73720.0,42.26,20391.0,24038.0,31807.0,39438.0,14160.0,9667.0,23827.0,108764.0,50718.0,58046.0,30737.0,15063.0,15674.0,,11877.0,9529.0,4205.0,5324.0,,,,,,,,,,3642.0,1383.0,2259.0,3642.0,1383.0,2259.0,5778.0,2324.0,3454.0,21801.0,10774.0,757.0,10753.0,3828.0,1443.0,84.0,2301.0,1635.0,857.0,5.0,772.0,8651.0,19657.0,41132.0,17419.0,6299.0,10711.0,65.0,357.0,10400.0,4994.0,5406.0,6.01,6.18,6.23,6.73,4.49,,1439.0,,557441.0,,59285.0,35500.0,380.0,370.0,2715.0,54565.0,1255.0,59285.0,52825.0,1245.0,5215.0,272.0,25.0,310.0,335.0,739.0,362.0,90673.0,38311.0,227.0,51917.0,19146.0,8285.0,7663.0,11189.0,3331.0,,,,,,,,,,,,,6.7,6.2,6.5,6.6,6.3,,1978.0,49780.0,2.8,4722.0,1325.0,1164.0,159.0,2.4,87.0,82.0,23.9,20.1,,1243.0,810.0
Usera,2018,,,,,,,,,,,,,,,,,,,,27674.0,,,,,,,,,,,,,,,,,,,,,,,,,,,,,,,,,,,,,,,,,,,,,,,,,,,311.0,1564.0,1173.0,573325.0,5315.0,,,,,,,,,,,,,,,,,,,,,,,,,,,0.34,0.23,0.67,0.66,0.21,0.43,0.21,0.08,0.13,0.38,0.21,0.23,,,,,,,,,,,,,,1.83,87.0,81.0,24.0,20.0,,1204.0,764.0
Usera,2016,,,,,,,,,,,,,,,,,,,,25954.0,16381.0,,,,,,,,,,,,,,,,,,,,,,,,,,,,,,,,,,,,,,,,,,,,,,,,,,,,,,,,,,,,,,,,,,,,,,,,,,,,,,,,,,,,,,,,,,,,,,,,,,,,,,,,,,,,,,,,,
Usera,2008,,,,,,,,,,,,,,,,,,,,,,,,,,,,,,,,,,,,,,,,,,,,,,,,,,,,,,,,,,,,,,,,,,,,,,,,,,,,,,,,,,,,,,,,,,,,,,,,,,,,,,,,,,,,,,,,,,,,,,,,,,,,,,,,,,,,101.0,,
Usera,2020,,,,,,,,,,,,,,108787.0,50723.0,58064.0,34104.0,16621.0,17483.0,,,,,,9.76,10.55,6.92,10.16,12.15,8.92,6.61,8.13,10.59,,,,,,,,,,21741.0,10892.0,730.0,10781.0,4398.0,1699.0,75.0,2624.0,1877.0,822.0,7.0,1048.0,8267.0,19273.0,42355.0,18443.0,6438.0,11763.0,60.0,318.0,10783.0,5174.0,,,,,,,234.0,1327.0,,1373.0,5145.0,,,,,,,,,,,,252.0,24.0,263.0,209.0,517.0,326.0,,,,,,,,,,,,,,,,,,,,,,,,,,,93.0,1978.0,50189.0,2.85,4686.0,1331.0,1096.0,167.0,-0.3,85.0,78.0,22.0,17.0,,1275.0,947.0
Puente de Vallecas,2019,1497.0,157.0,234770.0,111183.0,123587.0,43.23,30541.0,41456.0,51881.0,68953.0,25450.0,16489.0,41939.0,192764.0,90949.0,101815.0,42006.0,20234.0,21772.0,,12030.0,17806.0,8175.0,9631.0,,,,,,,,,,7302.0,3019.0,4283.0,7302.0,3019.0,4283.0,10864.0,4623.0,6241.0,32716.0,17470.0,1830.0,17031.0,5895.0,2653.0,87.0,3155.0,2071.0,1019.0,6.0,1045.0,18499.0,33253.0,68684.0,31126.0,9536.0,17636.0,209.0,562.0,18893.0,9221.0,9672.0,6.54,6.0,6.52,7.01,4.68,,3026.0,,667573.0,,106585.0,63735.0,470.0,1880.0,9785.0,92170.0,2285.0,106585.0,92050.0,2265.0,12270.0,359.0,142.0,389.0,531.0,1582.0,1109.0,165323.0,67924.0,377.0,96600.0,38898.0,11571.0,12082.0,22726.0,5061.0,,,,,,,,,,,,,6.5,5.8,7.0,6.9,6.3,,1975.0,88465.0,2.65,8333.0,2413.0,1985.0,235.0,2.56,87.0,81.0,24.5,20.0,,1224.0,788.0
Puente de Vallecas,2018,,,,,,,,,,,,,,,,,,,,26652.0,,,,,,,,,,,,,,,,,,,,,,,,,,,,,,,,,,,,,,,,,,,,,,,,,,,797.0,3412.0,1151.0,867399.0,7276.0,,,,,,,,,,,,,,,,,,,,,,,,,,,0.38,0.22,0.68,0.68,0.21,0.41,0.21,0.07,0.15,0.35,0.21,0.22,,,,,,,,,,,,,,1.84,87.0,80.0,24.0,20.0,,1197.0,749.0
Puente de Vallecas,2016,,,,,,,,,,,,,,,,,,,,25029.0,16042.0,,,,,,,,,,,,,,,,,,,,,,,,,,,,,,,,,,,,,,,,,,,,,,,,,,,,,,,,,,,,,,,,,,,,,,,,,,,,,,,,,,,,,,,,,,,,,,,,,,,,,,,,,,,,,,,,,
Puente de Vallecas,2008,,,,,,,,,,,,,,,,,,,,,,,,,,,,,,,,,,,,,,,,,,,,,,,,,,,,,,,,,,,,,,,,,,,,,,,,,,,,,,,,,,,,,,,,,,,,,,,,,,,,,,,,,,,,,,,,,,,,,,,,,,,,,,,,,,,,-274.0,,
Puente de Vallecas,2020,,,,,,,,,,,,,,193305.0,91310.0,101995.0,47560.0,22924.0,24636.0,,,,,,10.71,11.29,6.98,11.55,12.43,10.1,7.2,8.99,12.32,,,,,,,,,,33078.0,17361.0,1844.0,17318.0,6436.0,2663.0,112.0,3661.0,2557.0,1041.0,13.0,1503.0,17704.0,32675.0,71234.0,32587.0,9876.0,19392.0,195.0,465.0,19740.0,9617.0,,,,,,,703.0,2710.0,,2275.0,7029.0,,,,,,,,,,,,347.0,136.0,316.0,1157.0,1043.0,1080.0,,,,,,,,,,,,,,,,,,,,,,,,,,,85.0,1975.0,89401.0,2.69,8283.0,2459.0,1892.0,263.0,-0.8,84.0,77.0,22.0,17.0,,1256.0,917.0
Moratalaz,2019,610.0,155.0,94609.0,43209.0,51400.0,47.55,10382.0,14954.0,16561.0,28065.0,14910.0,9737.0,24647.0,85765.0,39334.0,46431.0,8843.0,3875.0,4968.0,,18335.0,5018.0,2181.0,2837.0,,,,,,,,,,2128.0,834.0,1294.0,2128.0,834.0,1294.0,2993.0,1206.0,1787.0,11235.0,5489.0,1523.0,7621.0,1051.0,133.0,16.0,902.0,712.0,220.0,15.0,476.0,4491.0,10323.0,20880.0,16014.0,7317.0,15471.0,98.0,152.0,6806.0,3173.0,3633.0,7.86,7.64,6.72,8.13,6.1,,486.0,,119966.0,,44405.0,34055.0,95.0,,415.0,43755.0,140.0,44405.0,39560.0,995.0,3845.0,67.0,21.0,101.0,122.0,626.0,125.0,75149.0,22722.0,245.0,51974.0,17134.0,11994.0,9104.0,8119.0,3316.0,,,,,,,,,,,,,7.9,7.8,7.5,7.5,7.2,,1977.0,37547.0,2.52,4644.0,1172.0,686.0,124.0,1.06,88.0,83.0,25.1,21.4,,1535.0,967.0
Moratalaz,2018,,,,,,,,,,,,,,,,,,,,36755.0,,,,,,,,,,,,,,,,,,,,,,,,,,,,,,,,,,,,,,,,,,,,,,,,,,,147.0,526.0,276.0,185800.0,2926.0,,,,,,,,,,,,,,,,,,,,,,,,,,,0.3,0.16,0.66,0.72,0.2,0.42,0.22,0.06,0.13,0.34,0.17,0.2,,,,,,,,,,,,,,0.37,89.0,82.0,25.0,21.0,,1485.0,958.0
Moratalaz,2016,,,,,,,,,,,,,,,,,,,,35059.0,20844.0,,,,,,,,,,,,,,,,,,,,,,,,,,,,,,,,,,,,,,,,,,,,,,,,,,,,,,,,,,,,,,,,,,,,,,,,,,,,,,,,,,,,,,,,,,,,,,,,,,,,,,,,,,,,,,,,,
Moratalaz,2008,,,,,,,,,,,,,,,,,,,,,,,,,,,,,,,,,,,,,,,,,,,,,,,,,,,,,,,,,,,,,,,,,,,,,,,,,,,,,,,,,,,,,,,,,,,,,,,,,,,,,,,,,,,,,,,,,,,,,,,,,,,,,,,,,,,,475.0,,
Moratalaz,2020,,,,,,,,,,,,,,85536.0,39176.0,46360.0,10077.0,4409.0,5668.0,,,,,,8.41,9.02,5.02,8.85,10.29,7.72,4.81,7.42,8.94,,,,,,,,,,11059.0,5375.0,1336.0,7693.0,1300.0,193.0,36.0,1071.0,777.0,224.0,9.0,544.0,4329.0,9985.0,21098.0,16404.0,7342.0,16379.0,88.0,104.0,6986.0,3230.0,,,,,,,97.0,454.0,,254264.0,2956.0,,,,,,,,,,,,98.0,5.0,128.0,56.0,463.0,85.0,,,,,,,,,,,,,,,,,,,,,,,,,,,101.0,1977.0,37825.0,2.53,4690.0,1183.0,706.0,121.0,-1.9,86.0,79.0,23.0,18.0,,1585.0,1140.0
Ciudad Lineal,2019,1143.0,189.0,216270.0,98370.0,117900.0,45.78,25685.0,33930.0,45580.0,61694.0,30281.0,19100.0,49381.0,185595.0,84437.0,101158.0,30671.0,13931.0,16740.0,,20416.0,10467.0,4607.0,5860.0,,,,,,,,,,3996.0,1577.0,2419.0,3996.0,1577.0,2419.0,5575.0,2308.0,3267.0,27591.0,16164.0,9092.0,7390.0,3574.0,1703.0,469.0,1402.0,1379.0,941.0,64.0,373.0,7316.0,20158.0,46454.0,34522.0,16888.0,44476.0,305.0,132.0,11594.0,5534.0,6060.0,6.69,6.95,6.8,7.03,5.61,,514.0,,496222.0,,101740.0,75725.0,85.0,260.0,2385.0,97780.0,1230.0,101740.0,91580.0,1950.0,8215.0,344.0,49.0,374.0,423.0,1343.0,509.0,161562.0,52551.0,516.0,108045.0,31072.0,28341.0,21710.0,15006.0,8142.0,,,,,,,,,,,,,6.9,6.5,6.7,6.6,6.1,,1974.0,86658.0,2.5,10365.0,2741.0,1719.0,330.0,1.65,89.0,84.0,25.4,21.7,,1524.0,1000.0
Ciudad Lineal,2018,,,,,,,,,,,,,,,,,,,,39425.0,,,,,,,,,,,,,,,,,,,,,,,,,,,,,,,,,,,,,,,,,,,,,,,,,,,253.0,615.0,706.0,551676.0,6314.0,,,,,,,,,,,,,,,,,,,,,,,,,,,0.3,0.14,0.67,0.73,0.2,0.4,0.21,0.05,0.13,0.35,0.17,0.19,,,,,,,,,,,,,,0.84,88.0,83.0,25.0,20.0,,1482.0,953.0
Ciudad Lineal,2016,,,,,,,,,,,,,,,,,,,,37421.0,21376.0,,,,,,,,,,,,,,,,,,,,,,,,,,,,,,,,,,,,,,,,,,,,,,,,,,,,,,,,,,,,,,,,,,,,,,,,,,,,,,,,,,,,,,,,,,,,,,,,,,,,,,,,,,,,,,,,,
Ciudad Lineal,2008,,,,,,,,,,,,,,,,,,,,,,,,,,,,,,,,,,,,,,,,,,,,,,,,,,,,,,,,,,,,,,,,,,,,,,,,,,,,,,,,,,,,,,,,,,,,,,,,,,,,,,,,,,,,,,,,,,,,,,,,,,,,,,,,,,,,671.0,,
Ciudad Lineal,2020,,,,,,,,,,,,,,186095.0,84723.0,101372.0,33770.0,15242.0,18528.0,,,,,,7.31,7.71,2.99,6.94,9.69,6.87,3.36,5.71,9.26,,,,,,,,,,27516.0,15890.0,9489.0,7480.0,4054.0,2012.0,556.0,1486.0,1641.0,944.0,201.0,496.0,6893.0,19377.0,46747.0,35528.0,16951.0,47415.0,289.0,120.0,11948.0,5617.0,,,,,,,187.0,448.0,,818956.0,6004.0,,,,,,,,,,,,279.0,20.0,330.0,448.0,878.0,484.0,,,,,,,,,,,,,,,,,,,,,,,,,,,110.0,1974.0,87629.0,2.51,10397.0,2790.0,1666.0,334.0,-1.4,86.0,80.0,23.0,18.0,,1569.0,1166.0
Hortaleza,2019,2742.0,69.0,188267.0,89307.0,98960.0,42.28,31503.0,27029.0,42818.0,51881.0,24223.0,10813.0,35036.0,169173.0,80864.0,88309.0,19093.0,8442.0,10651.0,,26201.0,7856.0,3337.0,4519.0,,,,,,,,,,2971.0,1146.0,1825.0,2971.0,1146.0,1825.0,4099.0,1575.0,2524.0,33480.0,12242.0,13967.0,10825.0,3376.0,395.0,1818.0,1163.0,1001.0,459.0,102.0,439.0,5385.0,13457.0,30311.0,27854.0,15768.0,46259.0,113.0,113.0,9114.0,4588.0,4526.0,7.52,7.57,6.64,7.64,6.09,,352.0,,182378.0,,74930.0,40890.0,120.0,735.0,1600.0,70310.0,2170.0,74930.0,67780.0,2040.0,5110.0,97.0,26.0,103.0,129.0,908.0,221.0,138606.0,39021.0,396.0,98841.0,26202.0,23956.0,24849.0,12633.0,8315.0,,,,,,,,,,,,,6.9,6.5,6.9,6.8,6.5,,1986.0,70099.0,2.69,5399.0,1615.0,2009.0,505.0,2.62,88.0,83.0,25.1,20.8,,1562.0,989.0
Hortaleza,2018,,,,,,,,,,,,,,,,,,,,52944.0,,,,,,,,,,,,,,,,,,,,,,,,,,,,,,,,,,,,,,,,,,,,,,,,,,,157.0,415.0,569.0,259445.0,4165.0,,,,,,,,,,,,,,,,,,,,,,,,,,,0.27,0.16,0.66,0.73,0.2,0.4,0.19,0.05,0.13,0.35,0.12,0.2,,,,,,,,,,,,,,2.33,87.0,83.0,25.0,21.0,,1544.0,929.0
Hortaleza,2016,,,,,,,,,,,,,,,,,,,,48688.0,23552.0,,,,,,,,,,,,,,,,,,,,,,,,,,,,,,,,,,,,,,,,,,,,,,,,,,,,,,,,,,,,,,,,,,,,,,,,,,,,,,,,,,,,,,,,,,,,,,,,,,,,,,,,,,,,,,,,,
Hortaleza,2008,,,,,,,,,,,,,,,,,,,,,,,,,,,,,,,,,,,,,,,,,,,,,,,,,,,,,,,,,,,,,,,,,,,,,,,,,,,,,,,,,,,,,,,,,,,,,,,,,,,,,,,,,,,,,,,,,,,,,,,,,,,,,,,,,,,,1733.0,,
Hortaleza,2020,,,,,,,,,,,,,,172090.0,82326.0,89764.0,21173.0,9332.0,11841.0,,,,,,6.34,7.03,2.69,6.26,9.01,5.59,3.15,4.64,7.31,,,,,,,,,,34132.0,12547.0,14441.0,12130.0,4000.0,493.0,2082.0,1425.0,1421.0,603.0,172.0,646.0,5136.0,13079.0,30647.0,28394.0,16025.0,49378.0,107.0,83.0,9466.0,4719.0,,,,,,,187.0,308.0,,515774.0,4106.0,,,,,,,,,,,,82.0,41.0,140.0,524.0,715.0,254.0,,,,,,,,,,,,,,,,,,,,,,,,,,,153.0,1987.0,71751.0,2.69,5598.0,1640.0,1973.0,493.0,0.0,86.0,80.0,23.0,18.0,,1604.0,1151.0
Villaverde,2019,2019.0,74.0,148883.0,71017.0,77866.0,42.08,23204.0,25014.0,32666.0,42089.0,16024.0,9886.0,25910.0,119917.0,56924.0,62993.0,28961.0,14091.0,14870.0,,12280.0,10808.0,4706.0,6102.0,,,,,,,,,,4194.0,1588.0,2606.0,4194.0,1588.0,2606.0,6804.0,2686.0,4118.0,24700.0,7204.0,1248.0,15074.0,3753.0,1137.0,34.0,2582.0,835.0,316.0,1.0,517.0,10030.0,19169.0,42824.0,20545.0,6578.0,10592.0,127.0,391.0,10854.0,5514.0,5340.0,5.5,5.63,6.08,6.21,4.16,,1447.0,,558912.0,,61920.0,40475.0,140.0,1145.0,3655.0,55445.0,1535.0,61920.0,54305.0,1140.0,6470.0,216.0,27.0,259.0,286.0,589.0,411.0,98996.0,39401.0,262.0,59052.0,20050.0,9123.0,9023.0,13968.0,3898.0,,,,,,,,,,,,,6.2,6.1,6.8,6.6,6.2,,1978.0,53333.0,2.79,4722.0,1275.0,1406.0,218.0,3.59,87.0,82.0,24.4,20.4,,1331.0,827.0
Villaverde,2018,,,,,,,,,,,,,,,,,,,,28407.0,,,,,,,,,,,,,,,,,,,,,,,,,,,,,,,,,,,,,,,,,,,,,,,,,,,484.0,1625.0,776.0,472256.0,4601.0,,,,,,,,,,,,,,,,,,,,,,,,,,,0.33,0.19,0.65,0.65,0.21,0.43,0.2,0.06,0.15,0.34,0.21,0.26,,,,,,,,,,,,,,2.28,87.0,82.0,25.0,20.0,,1314.0,782.0
Villaverde,2016,,,,,,,,,,,,,,,,,,,,26915.0,16522.0,,,,,,,,,,,,,,,,,,,,,,,,,,,,,,,,,,,,,,,,,,,,,,,,,,,,,,,,,,,,,,,,,,,,,,,,,,,,,,,,,,,,,,,,,,,,,,,,,,,,,,,,,,,,,,,,,
Villaverde,2008,,,,,,,,,,,,,,,,,,,,,,,,,,,,,,,,,,,,,,,,,,,,,,,,,,,,,,,,,,,,,,,,,,,,,,,,,,,,,,,,,,,,,,,,,,,,,,,,,,,,,,,,,,,,,,,,,,,,,,,,,,,,,,,,,,,,167.0,,
Villaverde,2020,,,,,,,,,,,,,,121571.0,57704.0,63867.0,32745.0,15934.0,16811.0,,,,,,10.42,11.46,6.82,11.5,12.97,9.32,6.99,8.48,10.99,,,,,,,,,,25191.0,7403.0,1270.0,15777.0,4543.0,1358.0,49.0,3136.0,1259.0,216.0,1.0,1042.0,9602.0,18915.0,44989.0,21674.0,6804.0,11805.0,120.0,343.0,11342.0,5733.0,,,,,,,341.0,1262.0,,821425.0,4447.0,,,,,,,,,,,,170.0,31.0,259.0,370.0,431.0,307.0,,,,,,,,,,,,,,,,,,,,,,,,,,,90.0,1978.0,54412.0,2.84,4706.0,1308.0,1315.0,202.0,0.3,85.0,79.0,22.0,17.0,,1361.0,952.0
Villa de Vallecas,2019,5147.0,21.0,110436.0,53675.0,56761.0,38.83,20313.0,16358.0,32130.0,27852.0,9727.0,4056.0,13783.0,96893.0,47244.0,49649.0,13543.0,6431.0,7112.0,,15615.0,7306.0,3016.0,4290.0,,,,,,,,,,3089.0,1116.0,1973.0,3089.0,1116.0,1973.0,4515.0,1732.0,2783.0,21315.0,7726.0,1629.0,8338.0,1703.0,469.0,27.0,1207.0,873.0,198.0,3.0,671.0,5325.0,9423.0,26494.0,16908.0,8107.0,14021.0,25.0,437.0,6333.0,3120.0,3213.0,7.13,6.9,6.52,7.42,5.25,,1254.0,,158038.0,,43520.0,14085.0,40.0,175.0,775.0,41730.0,800.0,43520.0,37775.0,795.0,4945.0,159.0,39.0,351.0,390.0,552.0,333.0,77371.0,27011.0,253.0,49888.0,19896.0,6265.0,9496.0,8623.0,3267.0,,,,,,,,,,,,,6.2,5.8,6.2,6.2,6.1,,1990.0,42237.0,2.61,2175.0,738.0,1411.0,288.0,3.62,86.0,82.0,23.5,19.9,,1391.0,877.0
Villa de Vallecas,2018,,,,,,,,,,,,,,,,,,,,32765.0,,,,,,,,,,,,,,,,,,,,,,,,,,,,,,,,,,,,,,,,,,,,,,,,,,,284.0,1388.0,407.0,246108.0,1643.0,,,,,,,,,,,,,,,,,,,,,,,,,,,0.36,0.22,0.66,0.7,0.21,0.38,0.16,0.06,0.13,0.34,0.17,0.26,,,,,,,,,,,,,,2.56,86.0,81.0,23.0,20.0,,1308.0,883.0
Villa de Vallecas,2016,,,,,,,,,,,,,,,,,,,,30861.0,19316.0,,,,,,,,,,,,,,,,,,,,,,,,,,,,,,,,,,,,,,,,,,,,,,,,,,,,,,,,,,,,,,,,,,,,,,,,,,,,,,,,,,,,,,,,,,,,,,,,,,,,,,,,,,,,,,,,,
Villa de Vallecas,2008,,,,,,,,,,,,,,,,,,,,,,,,,,,,,,,,,,,,,,,,,,,,,,,,,,,,,,,,,,,,,,,,,,,,,,,,,,,,,,,,,,,,,,,,,,,,,,,,,,,,,,,,,,,,,,,,,,,,,,,,,,,,,,,,,,,,616.0,,
Villa de Vallecas,2020,,,,,,,,,,,,,,99083.0,48289.0,50794.0,15429.0,7221.0,8208.0,,,,,,9.28,10.62,8.31,9.72,12.48,7.86,7.88,6.63,9.48,,,,,,,,,,21814.0,8245.0,1775.0,9181.0,1933.0,464.0,38.0,1431.0,1073.0,241.0,6.0,826.0,5195.0,9377.0,27388.0,17727.0,8288.0,15356.0,23.0,403.0,6830.0,3369.0,,,,,,,219.0,1130.0,,553154.0,1601.0,,,,,,,,,,,,182.0,66.0,248.0,382.0,409.0,233.0,,,,,,,,,,,,,,,,,,,,,,,,,,,101.0,1990.0,43427.0,2.64,2247.0,771.0,1389.0,287.0,0.2,84.0,78.0,21.0,16.0,,1427.0,1014.0
Vicalvaro,2019,3527.0,20.0,72126.0,34848.0,37278.0,40.75,12584.0,11621.0,15070.0,22427.0,6909.0,3515.0,10424.0,63385.0,30633.0,32752.0,8741.0,4215.0,4526.0,,15582.0,4550.0,1915.0,2635.0,,,,,,,,,,1917.0,721.0,1196.0,1917.0,721.0,1196.0,2846.0,1117.0,1729.0,13476.0,3453.0,592.0,8086.0,1240.0,381.0,4.0,855.0,591.0,139.0,,451.0,3752.0,7064.0,16922.0,10530.0,4741.0,8508.0,5.0,72.0,4148.0,2069.0,2079.0,7.26,7.21,6.36,7.13,5.98,,709.0,,169291.0,,30305.0,13025.0,,75.0,675.0,27550.0,2005.0,30305.0,25900.0,790.0,3615.0,66.0,10.0,51.0,61.0,307.0,78.0,50813.0,16283.0,167.0,34229.0,12585.0,4722.0,6611.0,6374.0,2200.0,,,,,,,,,,,,,7.5,7.1,7.5,7.5,7.3,,1997.0,26232.0,2.75,1744.0,585.0,782.0,137.0,2.63,87.0,82.0,24.7,20.7,,1347.0,834.0
Vicalvaro,2018,,,,,,,,,,,,,,,,,,,,33870.0,,,,,,,,,,,,,,,,,,,,,,,,,,,,,,,,,,,,,,,,,,,,,,,,,,,221.0,715.0,432.0,173727.0,1644.0,,,,,,,,,,,,,,,,,,,,,,,,,,,0.3,0.21,0.69,0.74,0.2,0.35,0.21,0.05,0.13,0.4,0.17,0.25,,,,,,,,,,,,,,1.63,87.0,82.0,24.0,21.0,,1357.0,840.0
Vicalvaro,2016,,,,,,,,,,,,,,,,,,,,32152.0,18660.0,,,,,,,,,,,,,,,,,,,,,,,,,,,,,,,,,,,,,,,,,,,,,,,,,,,,,,,,,,,,,,,,,,,,,,,,,,,,,,,,,,,,,,,,,,,,,,,,,,,,,,,,,,,,,,,,,
Vicalvaro,2008,,,,,,,,,,,,,,,,,,,,,,,,,,,,,,,,,,,,,,,,,,,,,,,,,,,,,,,,,,,,,,,,,,,,,,,,,,,,,,,,,,,,,,,,,,,,,,,,,,,,,,,,,,,,,,,,,,,,,,,,,,,,,,,,,,,,-91.0,,
Vicalvaro,2020,,,,,,,,,,,,,,64455.0,31158.0,33297.0,9593.0,4637.0,4956.0,,,,,,9.03,10.25,6.34,10.85,10.97,7.76,6.11,7.76,8.29,,,,,,,,,,13324.0,3313.0,545.0,8191.0,1347.0,401.0,9.0,937.0,586.0,88.0,,498.0,3613.0,6975.0,17469.0,11027.0,4868.0,9188.0,4.0,69.0,4418.0,2191.0,,,,,,,134.0,671.0,,653864.0,1667.0,,,,,,,,,,,,81.0,6.0,78.0,53.0,329.0,65.0,,,,,,,,,,,,,,,,,,,,,,,,,,,125.0,1998.0,26821.0,2.76,1784.0,611.0,754.0,135.0,1.9,84.0,79.0,21.0,18.0,,1377.0,958.0
San Blas,2019,2229.0,71.0,158166.0,74743.0,83423.0,43.14,22724.0,25859.0,32396.0,49400.0,16581.0,11206.0,27787.0,138733.0,65788.0,72945.0,19432.0,8954.0,10478.0,,17899.0,8747.0,3894.0,4853.0,,,,,,,,,,3477.0,1396.0,2081.0,3477.0,1396.0,2081.0,4821.0,1982.0,2839.0,24569.0,8955.0,3528.0,12832.0,2407.0,614.0,122.0,1671.0,1359.0,473.0,15.0,870.0,7089.0,16041.0,36653.0,24074.0,10908.0,23699.0,122.0,175.0,9177.0,4710.0,4467.0,6.78,7.03,6.84,7.6,6.6,,706.0,,272809.0,,67450.0,37290.0,120.0,45.0,2750.0,63645.0,890.0,67450.0,60580.0,2050.0,4815.0,223.0,30.0,288.0,318.0,1107.0,396.0,115712.0,39551.0,335.0,75474.0,25109.0,13339.0,15543.0,13213.0,5311.0,,,,,,,,,,,,,6.9,6.4,6.9,6.9,6.6,,1978.0,59896.0,2.64,5266.0,1537.0,1470.0,267.0,1.91,88.0,82.0,24.8,19.5,,1395.0,877.0
San Blas,2018,,,,,,,,,,,,,,,,,,,,37112.0,,,,,,,,,,,,,,,,,,,,,,,,,,,,,,,,,,,,,,,,,,,,,,,,,,,269.0,826.0,738.0,439581.0,4958.0,,,,,,,,,,,,,,,,,,,,,,,,,,,0.31,0.21,0.66,0.73,0.2,0.41,0.21,0.05,0.13,0.36,0.17,0.23,,,,,,,,,,,,,,1.28,87.0,82.0,24.0,20.0,,1382.0,847.0
San Blas,2016,,,,,,,,,,,,,,,,,,,,35077.0,19588.0,,,,,,,,,,,,,,,,,,,,,,,,,,,,,,,,,,,,,,,,,,,,,,,,,,,,,,,,,,,,,,,,,,,,,,,,,,,,,,,,,,,,,,,,,,,,,,,,,,,,,,,,,,,,,,,,,
San Blas,2008,,,,,,,,,,,,,,,,,,,,,,,,,,,,,,,,,,,,,,,,,,,,,,,,,,,,,,,,,,,,,,,,,,,,,,,,,,,,,,,,,,,,,,,,,,,,,,,,,,,,,,,,,,,,,,,,,,,,,,,,,,,,,,,,,,,,379.0,,
San Blas,2020,,,,,,,,,,,,,,139047.0,65885.0,73162.0,22171.0,10365.0,11806.0,38163.0,14537.0,,,,7.99,8.61,4.16,8.1,10.35,7.33,4.48,6.55,8.96,,,,,,,,,,24186.0,8773.0,4168.0,13006.0,2881.0,716.0,221.0,1944.0,1559.0,497.0,17.0,1045.0,6691.0,15629.0,37434.0,24814.0,10964.0,25249.0,118.0,136.0,9334.0,4771.0,,,,,,,227.0,621.0,,424730.0,4830.0,,,,,,,,,,,,191.0,25.0,195.0,214.0,735.0,276.0,,,,,,,,,,,,,,,,,,,,,,,,,,,104.0,1978.0,60565.0,2.66,5265.0,1579.0,1446.0,249.0,-0.6,85.0,79.0,23.0,17.0,,1437.0,1025.0
Barajas,2019,4192.0,12.0,48972.0,23653.0,25319.0,41.73,8430.0,6743.0,11407.0,13692.0,6541.0,2159.0,8700.0,44365.0,21615.0,22750.0,4607.0,2038.0,2569.0,,24393.0,1894.0,803.0,1091.0,,,,,,,,,,674.0,245.0,429.0,674.0,245.0,429.0,904.0,341.0,563.0,8976.0,2538.0,2112.0,4667.0,651.0,123.0,68.0,460.0,208.0,131.0,2.0,74.0,1217.0,2623.0,7608.0,8219.0,4800.0,11460.0,22.0,37.0,2128.0,1101.0,1027.0,7.9,8.09,5.99,8.16,6.76,,71.0,,107075.0,,20370.0,9390.0,40.0,50.0,275.0,19410.0,595.0,20370.0,17695.0,825.0,1850.0,70.0,4.0,186.0,190.0,482.0,97.0,35916.0,9661.0,93.0,26077.0,7411.0,5954.0,6656.0,3124.0,2256.0,,,,,,,,,,,,,7.2,6.6,7.3,6.4,6.7,,1985.0,18269.0,2.68,1172.0,430.0,568.0,153.0,2.1,88.0,84.0,24.5,21.0,,1738.0,1135.0
Barajas,2018,,,,,,,,,,,,,,,,,,,,49615.0,,,,,,,,,,,,,,,,,,,,,,,,,,,,,,,,,,,,,,,,,,,,,,,,,,,40.0,80.0,452.0,154931.0,512.0,,,,,,,,,,,,,,,,,,,,,,,,,,,0.25,0.16,0.6,0.78,0.2,0.35,0.18,0.04,0.09,0.32,0.11,0.21,,,,,,,,,,,,,,2.35,89.0,83.0,26.0,22.0,,1646.0,973.0
Barajas,2016,,,,,,,,,,,,,,,,,,,,47389.0,25029.0,,,,,,,,,,,,,,,,,,,,,,,,,,,,,,,,,,,,,,,,,,,,,,,,,,,,,,,,,,,,,,,,,,,,,,,,,,,,,,,,,,,,,,,,,,,,,,,,,,,,,,,,,,,,,,,,,
Barajas,2008,,,,,,,,,,,,,,,,,,,,,,,,,,,,,,,,,,,,,,,,,,,,,,,,,,,,,,,,,,,,,,,,,,,,,,,,,,,,,,,,,,,,,,,,,,,,,,,,,,,,,,,,,,,,,,,,,,,,,,,,,,,,,,,,,,,,1700.0,,
Barajas,2020,,,,,,,,,,,,,,44957.0,21904.0,23053.0,5053.0,2245.0,2808.0,,,,,,5.88,6.61,2.84,5.96,8.27,5.12,2.72,4.39,6.59,,,,,,,,,,9042.0,2686.0,2155.0,4746.0,706.0,120.0,68.0,518.0,286.0,148.0,6.0,132.0,1171.0,2561.0,7710.0,8338.0,4860.0,12015.0,22.0,27.0,2283.0,1161.0,,,,,,,42.0,63.0,,333515.0,528.0,,,,,,,,,,,,79.0,13.0,193.0,91.0,290.0,71.0,,,,,,,,,,,,,,,,,,,,,,,,,,,116.0,1985.0,18606.0,2.69,1201.0,466.0,556.0,148.0,0.1,86.0,81.0,23.0,19.0,,1781.0,1293.0
Centro,2021,523.0,269.0,142033.0,72294.0,69739.0,43.89,10000.0,24685.0,44861.0,40315.0,14951.0,7221.0,22172.0,104726.0,52397.0,,36509.0,19483.0,17026.0,,,10562.0,5571.0,4991.0,9.66,9.75,4.83,8.89,12.3,9.59,5.23,7.9,13.05,4686.0,2396.0,2290.0,3814.0,2050.0,1764.0,6748.0,3521.0,3227.0,10608.0,5502.0,1548.0,8227.0,2464.0,1147.0,231.0,1086.0,807.0,465.0,14.0,328.0,3041.0,8153.0,22009.0,22154.0,11213.0,54270.0,74.0,143.0,13713.0,6863.0,,7.5,7.0,7.6,8.5,6.9,,,447.0,,2172.0,,,,,,,,,,,,483.0,342.0,916.0,1148.0,1062.0,1473.0,,,,,,,,,,,,,,,,,,,,,,6.8,6.3,6.9,6.6,6.2,,1926.0,69504.0,2.03,5137.0,2296.0,848.0,174.0,-1.11,86.4,80.6,23.7,19.0,,,
Centro,2016,,,,,,,,,,,,,,,,,,,,,,,,,,,,,,,,,,,,,,,,,,,,,,,,,,,,,,,,,,,,,,,,,,,,,,,,,,,,,,,,,,,,,,,,,,,,,,,,,,,,,,,,,,,,,,,,,,,,,,,,,,,,,,,,,,,,,,
Centro,2017,,,,,,,,,,,,,,,,,,,,,26084.0,,,,,,,,,,,,,,,,,,,,,,,,,,,,,,,,,,,,,,,,,,,,,,,,,,,,,,,,,,,,,,,,,,,,,,,,,,,,,,,,,,,,,,,,,,,,,,,,,,,,,,,,,,,,,,,,,
Arganzuela,2021,646.0,241.0,154992.0,72355.0,82637.0,44.71,17443.0,23108.0,37627.0,45937.0,20973.0,9904.0,30877.0,137604.0,64138.0,,16637.0,7860.0,8777.0,,,8677.0,3939.0,4738.0,8.23,8.68,4.95,8.55,9.71,7.75,5.07,7.22,9.07,4106.0,1743.0,2363.0,3516.0,1694.0,1822.0,5161.0,2245.0,2916.0,18571.0,5556.0,3720.0,9809.0,1549.0,500.0,162.0,887.0,757.0,279.0,10.0,468.0,2696.0,9030.0,23688.0,24060.0,14557.0,49800.0,132.0,79.0,9917.0,4422.0,,7.9,7.4,7.3,8.4,7.1,,,400.0,,2204.0,,,,,,,,,,,,97.0,18.0,101.0,144.0,840.0,263.0,,,,,,,,,,,,,,,,,,,,,,7.0,6.6,6.7,6.6,6.2,,1976.0,65479.0,2.36,6146.0,1841.0,1079.0,215.0,-1.05,87.4,82.2,24.2,20.3,,,
Arganzuela,2017,,,,,,,,,,,,,,,,,,,,,25549.0,,,,,,,,,,,,,,,,,,,,,,,,,,,,,,,,,,,,,,,,,,,,,,,,,,,,,,,,,,,,,,,,,,,,,,,,,,,,,,,,,,,,,,,,,,,,,,,,,,,,,,,,,,,,,,,,,
Retiro,2021,547.0,220.0,119092.0,54060.0,65032.0,47.13,13495.0,16824.0,24327.0,33115.0,20855.0,10476.0,31331.0,108277.0,49477.0,,10279.0,4323.0,5956.0,,,5025.0,2228.0,2797.0,6.86,7.22,3.14,6.98,8.44,6.45,2.83,6.43,7.51,2447.0,1016.0,1431.0,1846.0,859.0,987.0,3179.0,1369.0,1810.0,14443.0,9122.0,2066.0,5366.0,947.0,197.0,39.0,711.0,404.0,151.0,13.0,240.0,1566.0,5197.0,14463.0,18270.0,11335.0,44448.0,116.0,34.0,6313.0,2857.0,,8.3,7.8,7.4,8.7,7.5,,,308.0,,1302.0,,,,,,,,,,,,49.0,10.0,51.0,198.0,872.0,146.0,,,,,,,,,,,,,,,,,,,,,,7.2,6.8,6.9,6.8,6.4,,1965.0,48880.0,2.43,5780.0,1627.0,737.0,165.0,-0.75,88.3,81.9,24.7,19.8,,,
Retiro,2017,,,,,,,,,,,,,,,,,,,,,28904.0,,,,,,,,,,,,,,,,,,,,,,,,,,,,,,,,,,,,,,,,,,,,,,,,,,,,,,,,,,,,,,,,,,,,,,,,,,,,,,,,,,,,,,,,,,,,,,,,,,,,,,,,,,,,,,,,,
Salamanca,2021,539.0,274.0,146667.0,64836.0,81831.0,46.16,15108.0,24671.0,32489.0,39340.0,22348.0,12711.0,35059.0,124068.0,55183.0,,21948.0,9357.0,12591.0,,,6150.0,2612.0,3538.0,6.44,6.83,2.33,6.16,8.85,5.98,2.65,5.41,7.73,2969.0,1165.0,1804.0,2389.0,1072.0,1317.0,3761.0,1540.0,2221.0,16147.0,12723.0,3665.0,3010.0,1332.0,645.0,188.0,499.0,565.0,372.0,14.0,179.0,1595.0,5281.0,16156.0,21251.0,12077.0,61275.0,149.0,51.0,6830.0,2912.0,,8.4,8.1,7.6,8.9,7.9,,,401.0,,1812.0,,,,,,,,,,,,96.0,22.0,476.0,301.0,1341.0,683.0,,,,,,,,,,,,,,,,,,,,,,7.3,6.7,7.1,7.0,6.7,,1953.0,63001.0,2.32,7213.0,2181.0,880.0,190.0,-0.38,87.7,82.9,24.3,20.6,,,
Salamanca,2017,,,,,,,,,,,,,,,,,,,,,29439.0,,,,,,,,,,,,,,,,,,,,,,,,,,,,,,,,,,,,,,,,,,,,,,,,,,,,,,,,,,,,,,,,,,,,,,,,,,,,,,,,,,,,,,,,,,,,,,,,,,,,,,,,,,,,,,,,,
Chamartin,2021,918.0,161.0,146336.0,65901.0,80435.0,45.42,18609.0,21952.0,31803.0,39522.0,22223.0,12227.0,34450.0,130641.0,59490.0,,15059.0,6109.0,8950.0,,,5929.0,2581.0,3348.0,6.45,6.8,2.4,6.04,8.72,6.04,2.66,5.12,8.07,2962.0,1226.0,1736.0,2386.0,1083.0,1303.0,3543.0,1498.0,2045.0,19913.0,16522.0,12171.0,7440.0,1712.0,589.0,423.0,700.0,1165.0,740.0,145.0,280.0,1479.0,4743.0,15175.0,20575.0,12238.0,60201.0,279.0,32.0,6768.0,3156.0,,8.4,8.0,7.7,8.8,7.7,,,206.0,,1488.0,,,,,,,,,,,,79.0,19.0,103.0,278.0,1184.0,288.0,,,,,,,,,,,,,,,,,,,,,,6.9,6.7,7.0,7.0,6.7,,1970.0,58413.0,2.49,6583.0,1891.0,881.0,218.0,-0.92,87.9,83.1,24.6,20.1,,,
Chamartin,2017,,,,,,,,,,,,,,,,,,,,,29386.0,,,,,,,,,,,,,,,,,,,,,,,,,,,,,,,,,,,,,,,,,,,,,,,,,,,,,,,,,,,,,,,,,,,,,,,,,,,,,,,,,,,,,,,,,,,,,,,,,,,,,,,,,,,,,,,,,
Tetuan,2021,537.0,300.0,160615.0,73109.0,87506.0,43.99,17165.0,27559.0,41851.0,43468.0,19386.0,11186.0,30572.0,127202.0,58432.0,,32647.0,14320.0,18327.0,,,10669.0,4715.0,5954.0,9.56,10.06,6.18,9.28,12.09,8.99,6.85,7.34,11.9,5404.0,2250.0,3154.0,3808.0,1832.0,1976.0,6861.0,2883.0,3978.0,18293.0,6201.0,1751.0,4610.0,2498.0,1008.0,74.0,1416.0,881.0,541.0,11.0,329.0,4193.0,12227.0,33536.0,23673.0,11486.0,43131.0,178.0,285.0,9227.0,4220.0,,7.4,6.9,7.4,8.1,6.5,,,857.0,,3467.0,,,,,,,,,,,,198.0,35.0,216.0,171.0,780.0,351.0,,,,,,,,,,,,,,,,,,,,,,6.7,6.3,6.8,6.7,6.5,,1971.0,67073.0,2.38,6674.0,2029.0,1012.0,210.0,-1.52,87.9,81.6,24.7,19.8,,,
Tetuan,2017,,,,,,,,,,,,,,,,,,,,,21739.0,,,,,,,,,,,,,,,,,,,,,,,,,,,,,,,,,,,,,,,,,,,,,,,,,,,,,,,,,,,,,,,,,,,,,,,,,,,,,,,,,,,,,,,,,,,,,,,,,,,,,,,,,,,,,,,,,
Chamberi,2021,468.0,301.0,139391.0,61649.0,77742.0,46.27,13797.0,23095.0,32468.0,36137.0,21853.0,12041.0,33894.0,121264.0,53889.0,,17403.0,7424.0,9979.0,,,6101.0,2653.0,3448.0,6.73,7.09,3.38,6.55,8.74,6.32,3.04,5.86,7.93,2871.0,1156.0,1715.0,2391.0,1051.0,1340.0,3710.0,1602.0,2108.0,14767.0,11050.0,5144.0,5839.0,2215.0,932.0,520.0,763.0,849.0,408.0,97.0,344.0,1599.0,5393.0,16356.0,18774.0,11285.0,59858.0,145.0,23.0,6941.0,2938.0,,8.4,7.8,7.6,8.9,7.8,,,293.0,,2139.0,,,,,,,,,,,,119.0,14.0,142.0,247.0,940.0,169.0,,,,,,,,,,,,,,,,,,,,,,6.9,6.6,7.1,6.8,6.6,,1956.0,61936.0,2.24,7440.0,2162.0,856.0,211.0,-1.0,87.8,82.0,24.4,20.0,,,
Chamberi,2017,,,,,,,,,,,,,,,,,,,,,29024.0,,,,,,,,,,,,,,,,,,,,,,,,,,,,,,,,,,,,,,,,,,,,,,,,,,,,,,,,,,,,,,,,,,,,,,,,,,,,,,,,,,,,,,,,,,,,,,,,,,,,,,,,,,,,,,,,,
Fuencarral-El Pardo,2021,23784.0,10.51,248684.0,117006.0,131678.0,42.99,41503.0,34725.0,53235.0,66712.0,36678.0,15831.0,52509.0,224865.0,106594.0,,22827.0,9926.0,12901.0,,,11271.0,4844.0,6427.0,7.41,8.1,3.45,8.0,9.49,6.66,4.01,6.28,7.88,5772.0,2288.0,3484.0,4225.0,1969.0,2256.0,7046.0,2875.0,4171.0,43940.0,19758.0,10395.0,19996.0,2886.0,767.0,141.0,1978.0,2315.0,984.0,78.0,1253.0,5610.0,14888.0,37432.0,34520.0,20658.0,70738.0,121.0,216.0,12836.0,6149.0,,8.1,7.8,7.3,8.7,7.5,,,574.0,,4882.0,,,,,,,,,,,,98.0,19.0,87.0,287.0,939.0,259.0,,,,,,,,,,,,,,,,,,,,,,7.2,6.9,7.0,7.0,6.7,,1956.0,91408.0,2.71,8208.0,2356.0,2398.0,682.0,-0.57,88.0,83.4,25.0,21.3,,,
Fuencarral-El Pardo,2017,,,,,,,,,,,,,,,,,,,,,23580.0,,,,,,,,,,,,,,,,,,,,,,,,,,,,,,,,,,,,,,,,,,,,,,,,,,,,,,,,,,,,,,,,,,,,,,,,,,,,,,,,,,,,,,,,,,,,,,,,,,,,,,,,,,,,,,,,,
Moncloa-Aravaca,2021,4653.0,26.15,121368.0,55867.0,65501.0,44.57,15810.0,20928.0,23703.0,34280.0,17516.0,9131.0,26647.0,106834.0,49582.0,,14000.0,6006.0,7994.0,,,5334.0,2385.0,2949.0,6.87,7.18,2.72,7.45,8.43,6.51,2.88,6.32,8.02,2640.0,1139.0,1501.0,2076.0,955.0,1121.0,3258.0,1430.0,1828.0,17036.0,8947.0,11696.0,9744.0,2019.0,510.0,368.0,1141.0,1102.0,523.0,292.0,287.0,1931.0,6143.0,15463.0,16230.0,9590.0,42296.0,166.0,51.0,6146.0,2882.0,,8.2,7.8,7.4,8.8,7.6,,,371.0,,2194.0,,,,,,,,,,,,266.0,21.0,222.0,207.0,1032.0,227.0,,,,,,,,,,,,,,,,,,,,,,7.3,6.9,7.0,6.8,6.5,,1977.0,46361.0,2.61,4753.0,1506.0,961.0,225.0,-0.39,87.1,82.8,24.2,20.3,,,
Moncloa-Aravaca,2017,,,,,,,,,,,,,,,,,,,,,27366.0,,,,,,,,,,,,,,,,,,,,,,,,,,,,,,,,,,,,,,,,,,,,,,,,,,,,,,,,,,,,,,,,,,,,,,,,,,,,,,,,,,,,,,,,,,,,,,,,,,,,,,,,,,,,,,,,,
Latina,2021,2543.0,95.0,241144.0,111708.0,129436.0,46.41,26935.0,37749.0,49853.0,68140.0,35936.0,22531.0,58467.0,197563.0,91541.0,,42591.0,19667.0,22924.0,,,17318.0,7821.0,9497.0,11.28,11.88,7.28,12.17,12.92,10.6,7.65,10.04,12.1,8645.0,3592.0,5053.0,6245.0,3096.0,3149.0,11073.0,4725.0,6348.0,28946.0,,,,,,,,,,,,10296.0,28610.0,62035.0,39892.0,15856.0,33683.0,249.0,393.0,,,,7.5,7.0,7.1,7.9,6.3,,,2091.0,,9835.0,,,,,,,,,,,,241.0,31.0,181.0,456.0,895.0,430.0,,,,,,,,,,,,,,,,,,,,,,7.1,6.6,6.8,6.8,6.2,,,95756.0,2.51,11464.0,3251.0,1647.0,283.0,,,,,,,,
Latina,2017,,,,,,,,,,,,,,,,,,,,,19193.0,,,,,,,,,,,,,,,,,,,,,,,,,,,,,,,,,,,,,,,,,,,,,,,,,,,,,,,,,,,,,,,,,,,,,,,,,,,,,,,,,,,,,,,,,,,,,,,,,,,,,,,,,,,,,,,,,
Carabanchel,2021,1405.0,185.0,259757.0,121138.0,138619.0,43.33,34213.0,43957.0,57739.0,75398.0,30181.0,18269.0,48450.0,202322.0,93872.0,,56311.0,26728.0,29583.0,,,21218.0,9462.0,11756.0,12.16,12.96,8.77,13.3,13.87,11.29,8.68,10.74,12.73,10658.0,4351.0,6307.0,7292.0,3600.0,3692.0,13926.0,5862.0,8064.0,36742.0,,,,,,,,,,,,10745.0,28782.0,72067.0,40199.0,15233.0,30736.0,265.0,772.0,,,,6.9,6.4,7.1,7.5,5.8,,,1294.0,,8409.0,,,,,,,,,,,,453.0,37.0,346.0,270.0,1090.0,538.0,,,,,,,,,,,,,,,,,,,,,,7.0,6.6,6.8,6.8,6.3,,,96871.0,2.67,9857.0,2805.0,2066.0,307.0,,,,,,,,
Carabanchel,2017,,,,,,,,,,,,,,,,,,,,,17930.0,,,,,,,,,,,,,,,,,,,,,,,,,,,,,,,,,,,,,,,,,,,,,,,,,,,,,,,,,,,,,,,,,,,,,,,,,,,,,,,,,,,,,,,,,,,,,,,,,,,,,,,,,,,,,,,,,
Usera,2021,778.0,184.0,143087.0,67514.0,75573.0,42.24,19704.0,25672.0,31763.0,42277.0,14432.0,9239.0,23671.0,107442.0,50073.0,,35010.0,17156.0,17854.0,,,12912.0,5678.0,7234.0,13.15,14.3,10.34,14.81,15.1,11.93,9.38,11.44,13.36,6583.0,2636.0,3947.0,4354.0,2216.0,2138.0,8558.0,3462.0,5096.0,21188.0,,,,,,,,,,,,7704.0,18583.0,42771.0,18860.0,6390.0,12287.0,57.0,513.0,,,,6.7,6.3,7.1,7.3,5.2,,,1485.0,,4916.0,,,,,,,,,,,,228.0,18.0,247.0,131.0,736.0,361.0,,,,,,,,,,,,,,,,,,,,,,7.4,7.0,7.0,7.0,6.8,,,50285.0,2.83,4721.0,1336.0,1109.0,148.0,,,,,,,,
Usera,2017,,,,,,,,,,,,,,,,,,,,,16396.0,,,,,,,,,,,,,,,,,,,,,,,,,,,,,,,,,,,,,,,,,,,,,,,,,,,,,,,,,,,,,,,,,,,,,,,,,,,,,,,,,,,,,,,,,,,,,,,,,,,,,,,,,,,,,,,,,
Puente de Vallecas,2021,1497.0,161.0,240067.0,113828.0,126239.0,43.13,30302.0,43153.0,53039.0,71470.0,26017.0,16086.0,42103.0,190004.0,89619.0,,49051.0,23735.0,25316.0,,,22878.0,10457.0,12421.0,13.83,14.65,10.24,15.69,15.07,12.97,10.29,12.27,14.65,12412.0,5298.0,7114.0,7648.0,3923.0,3725.0,15230.0,6534.0,8696.0,32422.0,,,,,,,,,,,,16531.0,31426.0,71818.0,33188.0,9698.0,19854.0,182.0,738.0,,,,6.8,6.2,7.1,7.6,5.7,,,2012.0,,6991.0,,,,,,,,,,,,416.0,70.0,342.0,406.0,1327.0,998.0,,,,,,,,,,,,,,,,,,,,,,6.8,6.3,6.8,6.8,6.3,,,89291.0,2.68,8416.0,2537.0,1881.0,261.0,,,,,,,,
Puente de Vallecas,2017,,,,,,,,,,,,,,,,,,,,,16167.0,,,,,,,,,,,,,,,,,,,,,,,,,,,,,,,,,,,,,,,,,,,,,,,,,,,,,,,,,,,,,,,,,,,,,,,,,,,,,,,,,,,,,,,,,,,,,,,,,,,,,,,,,,,,,,,,,
Moratalaz,2021,610.0,157.0,94203.0,42858.0,51345.0,47.65,9872.0,14997.0,16330.0,28367.0,14643.0,9994.0,24637.0,83780.0,38228.0,,10030.0,4434.0,5596.0,,,6243.0,2739.0,3504.0,10.61,11.32,6.96,11.96,12.07,9.82,6.83,9.73,10.89,3455.0,1424.0,2031.0,2153.0,1014.0,1139.0,4090.0,1725.0,2365.0,10702.0,,,,,,,,,,,,4037.0,9464.0,20923.0,16385.0,7112.0,16540.0,80.0,160.0,,,,8.1,7.4,7.2,8.4,7.1,,,363.0,,2995.0,,,,,,,,,,,,102.0,5.0,74.0,50.0,493.0,102.0,,,,,,,,,,,,,,,,,,,,,,7.5,7.2,7.2,7.3,6.6,,,37573.0,2.5,4847.0,1223.0,686.0,116.0,,,,,,,,
Moratalaz,2017,,,,,,,,,,,,,,,,,,,,,21349.0,,,,,,,,,,,,,,,,,,,,,,,,,,,,,,,,,,,,,,,,,,,,,,,,,,,,,,,,,,,,,,,,,,,,,,,,,,,,,,,,,,,,,,,,,,,,,,,,,,,,,,,,,,,,,,,,,
Ciudad Lineal,2021,1143.0,192.0,217816.0,99004.0,118812.0,45.78,24705.0,34645.0,45615.0,63178.0,30620.0,19053.0,49673.0,182762.0,83033.0,,34054.0,15480.0,18574.0,,,13807.0,6084.0,7723.0,9.76,10.31,5.18,10.03,11.92,9.14,5.59,8.31,11.17,6740.0,2800.0,3940.0,5426.0,2568.0,2858.0,8381.0,3516.0,4865.0,26603.0,,,,,,,,,,,,6383.0,18331.0,46346.0,35533.0,16571.0,48063.0,265.0,173.0,,,,7.5,7.1,7.4,8.2,6.6,,,810.0,,6034.0,,,,,,,,,,,,228.0,19.0,186.0,328.0,1137.0,495.0,,,,,,,,,,,,,,,,,,,,,,7.0,6.6,7.0,7.0,6.7,,,87225.0,2.49,10551.0,2817.0,1610.0,324.0,,,,,,,,
Ciudad Lineal,2017,,,,,,,,,,,,,,,,,,,,,21836.0,,,,,,,,,,,,,,,,,,,,,,,,,,,,,,,,,,,,,,,,,,,,,,,,,,,,,,,,,,,,,,,,,,,,,,,,,,,,,,,,,,,,,,,,,,,,,,,,,,,,,,,,,,,,,,,,,
Hortaleza,2021,2742.0,70.48,193910.0,91939.0,101971.0,42.37,31836.0,28226.0,42072.0,55630.0,24809.0,11337.0,36146.0,171601.0,81997.0,,21625.0,9587.0,12038.0,,,10088.0,4268.0,5820.0,8.15,9.07,3.89,8.72,10.84,7.15,4.84,6.41,8.59,5152.0,1999.0,3153.0,3923.0,1808.0,2115.0,6165.0,2460.0,3705.0,33962.0,,,,,,,,,,,,4776.0,12485.0,30234.0,28512.0,15793.0,50750.0,102.0,138.0,,,,8.0,7.6,7.3,8.5,7.2,,,669.0,,4063.0,,,,,,,,,,,,81.0,47.0,91.0,429.0,729.0,276.0,,,,,,,,,,,,,,,,,,,,,,7.1,6.6,6.9,6.8,6.5,,,72104.0,2.68,5856.0,1710.0,1933.0,511.0,,,,,,,,
Hortaleza,2017,,,,,,,,,,,,,,,,,,,,,24638.0,,,,,,,,,,,,,,,,,,,,,,,,,,,,,,,,,,,,,,,,,,,,,,,,,,,,,,,,,,,,,,,,,,,,,,,,,,,,,,,,,,,,,,,,,,,,,,,,,,,,,,,,,,,,,,,,,
Villaverde,2021,2019.0,76.44,155450.0,74242.0,81208.0,41.98,23110.0,27090.0,33675.0,45578.0,16036.0,9961.0,25997.0,121023.0,57376.0,,33784.0,16571.0,17213.0,,,14540.0,6309.0,8231.0,13.9,15.37,10.42,16.67,15.74,12.35,10.63,11.88,13.41,7499.0,2900.0,4599.0,4756.0,2362.0,2394.0,9784.0,3947.0,5837.0,24755.0,,,,,,,,,,,,9047.0,18333.0,45556.0,22346.0,6855.0,12456.0,110.0,517.0,,,,6.6,6.0,7.0,7.0,5.1,,,907.0,,4417.0,,,,,,,,,,,,226.0,24.0,225.0,313.0,575.0,289.0,,,,,,,,,,,,,,,,,,,,,,6.7,6.4,6.7,6.7,6.4,,,54821.0,2.82,4768.0,1313.0,1297.0,198.0,,,,,,,,
Villaverde,2017,,,,,,,,,,,,,,,,,,,,,16483.0,,,,,,,,,,,,,,,,,,,,,,,,,,,,,,,,,,,,,,,,,,,,,,,,,,,,,,,,,,,,,,,,,,,,,,,,,,,,,,,,,,,,,,,,,,,,,,,,,,,,,,,,,,,,,,,,,
Villa de Vallecas,2021,5147.0,22.25,115175.0,55836.0,59339.0,39.04,20564.0,17171.0,31657.0,31133.0,10491.0,4159.0,14650.0,98611.0,47986.0,,16122.0,7620.0,8502.0,,,8949.0,3749.0,5200.0,11.36,12.91,10.15,12.49,14.2,9.73,9.62,8.62,11.14,5118.0,1948.0,3170.0,3053.0,1444.0,1609.0,5896.0,2305.0,3591.0,21691.0,,,,,,,,,,,,4861.0,8988.0,27522.0,18056.0,8244.0,15998.0,20.0,544.0,,,,7.6,7.1,7.1,8.1,6.5,,,569.0,,1552.0,,,,,,,,,,,,194.0,24.0,177.0,576.0,469.0,210.0,,,,,,,,,,,,,,,,,,,,,,6.9,6.7,6.8,6.9,6.4,,,43733.0,2.62,2433.0,818.0,1439.0,276.0,,,,,,,,
Villa de Vallecas,2017,,,,,,,,,,,,,,,,,,,,,19881.0,,,,,,,,,,,,,,,,,,,,,,,,,,,,,,,,,,,,,,,,,,,,,,,,,,,,,,,,,,,,,,,,,,,,,,,,,,,,,,,,,,,,,,,,,,,,,,,,,,,,,,,,,,,,,,,,,
Vicalvaro,2021,3527.0,21.0,75732.0,36618.0,39114.0,41.04,12132.0,13056.0,14944.0,24881.0,6840.0,3879.0,10719.0,65421.0,31598.0,,10064.0,4899.0,5165.0,,,5617.0,2406.0,3211.0,10.81,12.12,8.79,13.04,12.46,9.45,8.3,10.08,9.36,3153.0,1222.0,1931.0,1807.0,850.0,957.0,3810.0,1556.0,2254.0,13130.0,,,,,,,,,,,,3409.0,6776.0,17915.0,11482.0,4976.0,9860.0,3.0,170.0,,,,7.6,7.1,7.2,8.1,6.6,,,682.0,,1711.0,,,,,,,,,,,,113.0,3.0,102.0,27.0,355.0,86.0,,,,,,,,,,,,,,,,,,,,,,7.1,6.6,6.9,6.9,6.4,,,27591.0,2.74,1842.0,618.0,736.0,138.0,,,,,,,,
Vicalvaro,2017,,,,,,,,,,,,,,,,,,,,,19312.0,,,,,,,,,,,,,,,,,,,,,,,,,,,,,,,,,,,,,,,,,,,,,,,,,,,,,,,,,,,,,,,,,,,,,,,,,,,,,,,,,,,,,,,,,,,,,,,,,,,,,,,,,,,,,,,,,
San Blas,2021,2229.0,72.32,160951.0,76150.0,84801.0,43.23,21347.0,27995.0,31928.0,51644.0,17239.0,10798.0,28037.0,137348.0,65047.0,,22907.0,10739.0,12168.0,,,11474.0,5026.0,6448.0,10.47,11.43,6.53,11.92,12.52,9.45,6.32,9.25,10.7,5951.0,2458.0,3493.0,4487.0,2207.0,2280.0,6987.0,2819.0,4168.0,23211.0,8562.0,4060.0,12879.0,2962.0,717.0,206.0,2039.0,1745.0,481.0,7.0,1257.0,6180.0,14963.0,37370.0,25156.0,10853.0,25789.0,114.0,245.0,9485.0,4835.0,,7.5,7.0,7.3,8.2,6.7,,,424.0,,4685.0,,,,,,,,,,,,279.0,31.0,248.0,228.0,838.0,361.0,,,,,,,,,,,,,,,,,,,,,,6.9,6.7,7.0,6.9,6.5,,1979.0,60551.0,2.65,5369.0,1602.0,1410.0,243.0,-0.92,87.7,80.9,24.3,19.8,,,
San Blas,2017,,,,,,,,,,,,,,,,,,,,,19973.0,,,,,,,,,,,,,,,,,,,,,,,,,,,,,,,,,,,,,,,,,,,,,,,,,,,,,,,,,,,,,,,,,,,,,,,,,,,,,,,,,,,,,,,,,,,,,,,,,,,,,,,,,,,,,,,,,
Barajas,2021,4192.0,11.93,50271.0,24262.0,26009.0,41.93,8246.0,7326.0,10859.0,14820.0,6633.0,2387.0,9020.0,44939.0,21882.0,,5136.0,2288.0,2848.0,,,2532.0,1121.0,1411.0,7.81,8.51,4.48,8.81,9.36,7.08,4.7,6.9,8.03,1188.0,460.0,728.0,1166.0,544.0,622.0,1366.0,577.0,789.0,8845.0,,,,,,,,,,,,1085.0,2464.0,7673.0,8340.0,4809.0,12397.0,22.0,30.0,,,,8.2,7.8,7.2,8.7,7.6,,,372.0,,566.0,,,,,,,,,,,,86.0,6.0,122.0,105.0,313.0,100.0,,,,,,,,,,,,,,,,,,,,,,7.3,6.9,7.0,6.7,6.6,,,18756.0,2.67,1234.0,478.0,534.0,141.0,,,,,,,,
Barajas,2017,,,,,,,,,,,,,,,,,,,,,25747.0,,,,,,,,,,,,,,,,,,,,,,,,,,,,,,,,,,,,,,,,,,,,,,,,,,,,,,,,,,,,,,,,,,,,,,,,,,,,,,,,,,,,,,,,,,,,,,,,,,,,,,,,,,,,,,,,,
Centro,2022,523.0,269.0,139682.0,70986.0,68696.0,43.99,9646.0,24967.0,42788.0,40367.0,15028.0,6886.0,21914.0,102496.0,51414.0,,37185.0,19571.0,17614.0,,,7299.0,3786.0,3513.0,6.75,6.92,1.95,5.53,10.29,6.6,2.78,4.75,10.06,3495.0,1736.0,1759.0,3095.0,1650.0,1445.0,4204.0,2136.0,2068.0,10282.0,,,,,,,,,,,,2769.0,7612.0,21349.0,21752.0,11038.0,54634.0,65.0,110.0,,,,7.3,7.0,7.6,8.6,7.2,93.0,349.0,601.0,875380.0,2220.0,,,,,,,,,,,,573.0,754.0,1302.0,2301.0,1206.0,1894.0,,,,,,,,,,,,,,,,,,,,,,6.7,6.4,6.8,6.6,6.2,,,69927.0,2.0,5124.0,2352.0,840.0,180.0,,,,,,,1467.0,1238.0
Arganzuela,2022,646.0,242.0,152638.0,71466.0,81172.0,45.28,16877.0,22606.0,36269.0,45674.0,21581.0,9631.0,31212.0,136363.0,63699.0,,16274.0,7766.0,8508.0,,,6188.0,2674.0,3514.0,5.95,6.55,2.21,5.69,8.41,5.31,2.11,4.44,7.12,3028.0,1238.0,1790.0,2869.0,1312.0,1557.0,3319.0,1362.0,1957.0,18003.0,,,,,,,,,,,,2512.0,8491.0,23056.0,23811.0,14187.0,50890.0,125.0,58.0,,,,7.8,7.4,7.5,8.6,7.4,30.0,93.0,440.0,573972.0,2410.0,,,,,,,,,,,,104.0,9.0,132.0,114.0,891.0,262.0,,,,,,,,,,,,,,,,,,,,,,6.8,6.5,6.9,6.6,6.0,,,65725.0,2.32,6225.0,1893.0,1081.0,217.0,,,,,,,1734.0,1374.0
Retiro,2022,547.0,221.0,117672.0,53445.0,64227.0,47.51,13234.0,16788.0,23374.0,33008.0,20934.0,10334.0,31268.0,107291.0,49019.0,,10380.0,4426.0,5954.0,,,3800.0,1599.0,2201.0,5.24,5.76,1.27,4.93,7.61,4.65,1.46,3.95,6.26,1907.0,743.0,1164.0,1703.0,764.0,939.0,2097.0,835.0,1262.0,14142.0,,,,,,,,,,,,1468.0,4895.0,14007.0,17971.0,11137.0,45111.0,109.0,35.0,,,,7.9,7.7,7.5,8.7,7.5,17.0,41.0,199.0,353002.0,1342.0,,,,,,,,,,,,57.0,8.0,73.0,68.0,946.0,129.0,,,,,,,,,,,,,,,,,,,,,,7.1,6.8,7.1,6.8,6.2,,,49073.0,2.4,5923.0,1677.0,764.0,177.0,,,,,,,1929.0,1499.0
Salamanca,2022,539.0,275.0,145457.0,64343.0,81114.0,46.27,14876.0,25268.0,31254.0,39164.0,22412.0,12483.0,34895.0,122775.0,54701.0,,22682.0,9642.0,13040.0,,,4388.0,1797.0,2591.0,4.61,5.03,0.9,3.99,7.4,4.12,1.24,3.06,6.3,2278.0,872.0,1406.0,2018.0,877.0,1141.0,2370.0,920.0,1450.0,15862.0,,,,,,,,,,,,1494.0,4971.0,15602.0,20829.0,11864.0,62026.0,137.0,40.0,,,,8.1,7.7,7.5,8.7,7.7,17.0,27.0,272.0,450357.0,1744.0,,,,,,,,,,,,100.0,27.0,386.0,214.0,1514.0,628.0,,,,,,,,,,,,,,,,,,,,,,7.0,6.8,7.0,6.9,6.3,,,63238.0,2.3,7234.0,2257.0,829.0,216.0,,,,,,,1842.0,1448.0
Chamartin,2022,918.0,161.0,144371.0,65080.0,79291.0,45.75,18266.0,21883.0,30595.0,39341.0,22189.0,12097.0,34286.0,129521.0,59001.0,,14850.0,6079.0,8771.0,,,4296.0,1776.0,2520.0,4.72,5.19,0.93,3.93,7.57,4.17,1.18,3.04,6.32,2252.0,871.0,1381.0,2059.0,887.0,1172.0,2237.0,889.0,1348.0,19388.0,,,,,,,,,,,,1390.0,4462.0,14654.0,20033.0,11874.0,60943.0,263.0,29.0,,,,8.1,7.7,7.6,8.7,7.6,36.0,25.0,228.0,319920.0,1461.0,,,,,,,,,,,,146.0,22.0,115.0,315.0,1410.0,259.0,,,,,,,,,,,,,,,,,,,,,,7.1,6.8,7.1,7.0,6.4,,,58644.0,2.46,6659.0,1977.0,894.0,219.0,,,,,,,1906.0,1487.0
Tetuan,2022,537.0,301.0,157433.0,71636.0,85797.0,44.28,16901.0,26380.0,40567.0,43219.0,19626.0,10740.0,30366.0,125574.0,57586.0,,31858.0,14050.0,17808.0,,,7623.0,3292.0,4331.0,6.94,7.44,2.85,6.23,10.11,6.38,2.98,4.54,9.84,3953.0,1589.0,2364.0,3391.0,1574.0,1817.0,4232.0,1718.0,2514.0,17909.0,,,,,,,,,,,,3855.0,11606.0,32747.0,23477.0,11281.0,43724.0,167.0,224.0,,,,7.5,7.0,7.5,8.2,6.7,64.0,392.0,987.0,1266.0,3155.0,,,,,,,,,,,,182.0,20.0,174.0,247.0,890.0,430.0,,,,,,,,,,,,,,,,,,,,,,6.8,6.6,7.0,6.7,6.6,,,67310.0,2.34,6746.0,2086.0,1094.0,202.0,,,,,,,1574.0,1254.0
Chamberi,2022,468.0,302.0,137287.0,60867.0,76420.0,46.44,13631.0,23091.0,31220.0,35823.0,21824.0,11698.0,33522.0,119771.0,53248.0,,17515.0,7618.0,9897.0,,,4318.0,1822.0,2496.0,4.82,5.2,1.12,4.06,7.67,4.37,1.57,3.53,6.31,2170.0,827.0,1343.0,2005.0,887.0,1118.0,2313.0,935.0,1378.0,14541.0,,,,,,,,,,,,1454.0,4961.0,15642.0,18367.0,11039.0,60413.0,133.0,28.0,,,,8.0,7.6,7.6,8.8,7.6,28.0,53.0,204.0,193456.0,2138.0,,,,,,,,,,,,130.0,14.0,133.0,376.0,1035.0,208.0,,,,,,,,,,,,,,,,,,,,,,6.7,6.4,7.1,6.7,6.6,,,61912.0,2.22,7465.0,2196.0,826.0,215.0,,,,,,,1802.0,1459.0
Fuencarral-El Pardo,2022,23784.0,10.55,246281.0,115955.0,130326.0,43.58,40626.0,34737.0,50300.0,67693.0,36850.0,16075.0,52925.0,224166.0,106230.0,,22115.0,9725.0,12390.0,,,8500.0,3472.0,5028.0,5.63,6.39,1.93,5.61,8.35,4.8,1.83,3.98,6.51,4476.0,1623.0,2853.0,3888.0,1740.0,2148.0,4612.0,1732.0,2880.0,43158.0,,,,,,,,,,,,5327.0,14267.0,36763.0,34410.0,20146.0,72066.0,114.0,202.0,,,,8.0,7.7,7.4,8.7,7.8,46.0,247.0,778.0,760718.0,5268.0,,,,,,,,,,,,70.0,43.0,59.0,299.0,1103.0,281.0,,,,,,,,,,,,,,,,,,,,,,7.1,6.8,6.9,6.8,6.3,,,91810.0,2.68,8414.0,2418.0,2341.0,686.0,,,,,,,1784.0,1346.0
Moncloa-Aravaca,2022,4653.0,26.26,120360.0,55501.0,64859.0,44.85,15654.0,20779.0,22984.0,34258.0,17642.0,9043.0,26685.0,106731.0,49660.0,,13629.0,5841.0,7788.0,,,3853.0,1677.0,2176.0,5.0,5.36,1.16,4.96,7.11,4.59,1.29,4.1,6.26,1994.0,807.0,1187.0,1790.0,836.0,954.0,2063.0,841.0,1222.0,16787.0,,,,,,,,,,,,1784.0,5820.0,15039.0,16029.0,9402.0,43289.0,156.0,47.0,,,,8.2,7.9,7.4,8.7,7.7,22.0,54.0,370.0,437846.0,2191.0,,,,,,,,,,,,200.0,9.0,155.0,168.0,1141.0,237.0,,,,,,,,,,,,,,,,,,,,,,7.4,7.0,7.1,6.9,6.4,,,46644.0,2.58,4818.0,1558.0,954.0,224.0,,,,,,,1771.0,1375.0
Latina,2022,2543.0,96.0,237048.0,109928.0,127120.0,46.78,26294.0,36775.0,47900.0,68442.0,35246.0,22391.0,57637.0,,,,,,,,,12968.0,5657.0,7311.0,8.53,9.26,4.22,8.55,11.29,7.74,4.17,6.64,9.91,6630.0,2635.0,3995.0,5567.0,2706.0,2861.0,7401.0,2951.0,4450.0,,,,,,,,,,,,,,,,,,,,,,,,,,,,,,,,,,,,,,,,,,,,,,,,,,,,,,,,,,,,,,,,,,,,,,,,,,,,,,,,,,,,,,,,,,,,
Carabanchel,2022,1405.0,186.0,255514.0,119381.0,136133.0,43.78,32985.0,43098.0,55261.0,76301.0,30158.0,17711.0,47869.0,,,,,,,,,15541.0,6710.0,8831.0,8.96,9.81,4.63,9.32,11.78,8.03,4.58,7.05,10.13,7907.0,3038.0,4869.0,6286.0,3082.0,3204.0,9255.0,3628.0,5627.0,,,,,,,,,,,,,,,,,,,,,,,,,,,,,,,,,,,,,,,,,,,,,,,,,,,,,,,,,,,,,,,,,,,,,,,,,,,,,,,,,,,,,,,,,,,,
Usera,2022,778.0,184.0,140808.0,66532.0,74276.0,42.66,19120.0,25089.0,30328.0,42768.0,14725.0,8778.0,23503.0,,,,,,,,,9239.0,3959.0,5280.0,9.49,10.54,6.38,10.25,12.11,8.38,5.09,7.55,10.36,4791.0,1835.0,2956.0,3447.0,1712.0,1735.0,5792.0,2247.0,3545.0,,,,,,,,,,,,,,,,,,,,,,,,,,,,,,,,,,,,,,,,,,,,,,,,,,,,,,,,,,,,,,,,,,,,,,,,,,,,,,,,,,,,,,,,,,,,
Puente de Vallecas,2022,1497.0,162.0,235638.0,111748.0,123890.0,43.54,29549.0,41715.0,51252.0,71262.0,26563.0,15297.0,41860.0,,,,,,,,,17206.0,7636.0,9570.0,10.55,11.44,6.0,11.48,13.05,9.61,5.92,8.39,12.12,9267.0,3728.0,5539.0,6572.0,3365.0,3207.0,10634.0,4271.0,6363.0,,,,,,,,,,,,,,,,,,,,,,,,,,,,,,,,,,,,,,,,,,,,,,,,,,,,,,,,,,,,,,,,,,,,,,,,,,,,,,,,,,,,,,,,,,,,
Moratalaz,2022,610.0,157.0,92390.0,42095.0,50295.0,48.25,9528.0,14541.0,15930.0,28021.0,14477.0,9893.0,24370.0,,,,,,,,,4854.0,2028.0,2826.0,8.38,9.3,4.0,9.11,10.89,7.35,3.91,6.5,9.18,2658.0,1032.0,1626.0,2031.0,935.0,1096.0,2823.0,1093.0,1730.0,,,,,,,,,,,,,,,,,,,,,,,,,,,,,,,,,,,,,,,,,,,,,,,,,,,,,,,,,,,,,,,,,,,,,,,,,,,,,,,,,,,,,,,,,,,,
Ciudad Lineal,2022,1143.0,193.0,213905.0,97357.0,116548.0,46.27,23886.0,33877.0,44051.0,62866.0,30765.0,18460.0,49225.0,,,,,,,,,9969.0,4272.0,5697.0,7.12,7.71,2.72,6.56,10.02,6.47,2.41,5.05,9.22,5014.0,1940.0,3074.0,4551.0,2126.0,2425.0,5418.0,2146.0,3272.0,,,,,,,,,,,,,,,,,,,,,,,,,,,,,,,,,,,,,,,,,,,,,,,,,,,,,,,,,,,,,,,,,,,,,,,,,,,,,,,,,,,,,,,,,,,,
Hortaleza,2022,2763.0,70.0,195017.0,92532.0,102485.0,42.73,32108.0,28464.0,40962.0,56992.0,25003.0,11488.0,36491.0,,,,,,,,,7710.0,3140.0,4570.0,6.22,7.12,1.98,6.02,9.51,5.26,2.31,4.33,7.03,4119.0,1511.0,2608.0,3596.0,1585.0,2011.0,4114.0,1555.0,2559.0,,,,,,,,,,,,,,,,,,,,,,,,,,,,,,,,,,,,,,,,,,,,,,,,,,,,,,,,,,,,,,,,,,,,,,,,,,,,,,,,,,,,,,,,,,,,
Villaverde,2022,2019.0,76.88,153829.0,73598.0,80231.0,42.32,22507.0,27050.0,32435.0,46175.0,16047.0,9615.0,25662.0,,,,,,,,,10724.0,4399.0,6325.0,10.24,11.83,6.07,11.96,13.56,8.58,5.46,8.02,10.2,5567.0,2012.0,3555.0,4032.0,1938.0,2094.0,6692.0,2461.0,4231.0,,,,,,,,,,,,,,,,,,,,,,,,,,,,,,,,,,,,,,,,,,,,,,,,,,,,,,,,,,,,,,,,,,,,,,,,,,,,,,,,,,,,,,,,,,,,
Villa de Vallecas,2022,5147.0,22.38,114817.0,55580.0,59237.0,39.73,20329.0,17151.0,30005.0,32342.0,10926.0,4064.0,14990.0,,,,,,,,,6971.0,2774.0,4197.0,8.83,10.39,6.48,9.76,12.17,7.19,5.56,6.37,8.63,3771.0,1329.0,2442.0,2672.0,1191.0,1481.0,4299.0,1583.0,2716.0,,,,,,,,,,,,,,,,,,,,,,,,,,,,,,,,,,,,,,,,,,,,,,,,,,,,,,,,,,,,,,,,,,,,,,,,,,,,,,,,,,,,,,,,,,,,
Vicalvaro,2022,3527.0,21.1,79328.0,38437.0,40891.0,41.08,12462.0,13893.0,15988.0,26180.0,6927.0,3878.0,10805.0,,,,,,,,,4505.0,1861.0,2644.0,8.12,9.35,4.68,9.48,10.69,6.84,4.2,6.75,7.79,2478.0,925.0,1553.0,1797.0,846.0,951.0,2708.0,1015.0,1693.0,,,,,,,,,,,,,,,,,,,,,,,,,,,,,,,,,,,,,,,,,,,,,,,,,,,,,,,,,,,,,,,,,,,,,,,,,,,,,,,,,,,,,,,,,,,,
San Blas,2022,2229.0,72.62,158783.0,75082.0,83701.0,43.77,20397.0,27958.0,30580.0,51821.0,17672.0,10355.0,28027.0,136070.0,64462.0,,22713.0,10620.0,12093.0,,,8593.0,3608.0,4985.0,7.87,8.87,3.09,8.19,11.12,6.81,3.47,5.82,8.78,4619.0,1748.0,2871.0,3762.0,1776.0,1986.0,4831.0,1832.0,2999.0,22186.0,,,,,,,,,,,,5754.0,14320.0,36930.0,25248.0,10699.0,26717.0,109.0,248.0,,,,7.2,7.0,7.2,8.2,6.8,56.0,399.0,405.0,616778.0,4615.0,,,,,,,,,,,,239.0,15.0,195.0,150.0,1021.0,326.0,,,,,,,,,,,,,,,,,,,,,,6.8,6.5,6.8,6.8,6.2,,,60738.0,2.61,5438.0,1656.0,1418.0,253.0,,,,,,,1513.0,1099.0
Barajas,2022,4172.0,12.0,48404.0,23275.0,25129.0,43.0,7537.0,7313.0,9607.0,14860.0,6649.0,2438.0,9087.0,,,,,,,,,1771.0,712.0,1059.0,5.47,6.36,1.44,6.0,8.03,4.5,2.26,3.57,6.02,871.0,320.0,551.0,897.0,389.0,508.0,874.0,323.0,551.0,,,,,,,,,,,,,,,,,,,,,,,,,,,,,,,,,,,,,,,,,,,,,,,,,,,,,,,,,,,,,,,,,,,,,,,,,,,,,,,,,,,,,,,,,,,,
Centro,2023,522.82,267.18,139687.0,70770.0,68917.0,,9399.0,25749.0,41985.0,40385.0,15400.0,6769.0,22169.0,,,,,,,,,6608.0,3387.0,3221.0,6.14,6.33,1.87,5.07,9.48,5.96,2.65,4.33,8.99,2216.0,1130.0,1086.0,,1505.0,1355.0,3748.0,1882.0,1866.0,,,,,,,,,,,,,,,,,,,,,,,,,,,,,,,,,,,,,,,,,,,,,,,,,,,95771.0,32592.0,453.0,62391.0,,20456.0,1790.0,9045.0,4078.0,,,,,,,,,,,,,,,,,,,,,,,,,,,,,,,,,
Arganzuela,2023,646.22,237.23,153304.0,71754.0,81550.0,,16446.0,23338.0,36011.0,45522.0,22466.0,9521.0,31987.0,,,,,,,,,5723.0,2479.0,3244.0,5.5,6.13,1.82,5.24,8.02,5.06,1.98,3.94,7.1,2079.0,845.0,1234.0,,1264.0,1521.0,2938.0,1215.0,1723.0,,,,,,,,,,,,,,,,,,,,,,,,,,,,,,,,,,,,,,,,,,,,,,,,,,,120060.0,29983.0,820.0,88689.0,,35273.0,3048.0,13669.0,6394.0,,,,,,,,,,,,,,,,,,,,,,,,,,,,,,,,,
Retiro,2023,546.62,215.72,117918.0,53458.0,64460.0,,13027.0,17269.0,23069.0,32927.0,21193.0,10433.0,31626.0,,,,,,,,,3421.0,1395.0,2026.0,4.72,5.29,0.98,4.13,7.45,4.07,1.39,3.5,5.42,1281.0,466.0,815.0,,695.0,898.0,1828.0,700.0,1128.0,,,,,,,,,,,,,,,,,,,,,,,,,,,,,,,,,,,,,,,,,,,,,,,,,,,93574.0,21661.0,610.0,70920.0,,37227.0,2461.0,8894.0,6830.0,,,,,,,,,,,,,,,,,,,,,,,,,,,,,,,,,
Salamanca,2023,539.24,270.2,145702.0,64452.0,81250.0,,14527.0,26335.0,30924.0,38775.0,22671.0,12470.0,35141.0,,,,,,,,,3838.0,1596.0,2242.0,4.03,4.34,1.1,3.08,6.78,3.66,1.06,2.86,5.49,1455.0,565.0,890.0,,823.0,1102.0,1913.0,773.0,1140.0,,,,,,,,,,,,,,,,,,,,,,,,,,,,,,,,,,,,,,,,,,,,,,,,,,,108112.0,27752.0,594.0,79382.0,,48410.0,2542.0,7793.0,8957.0,,,,,,,,,,,,,,,,,,,,,,,,,,,,,,,,,
Chamartin,2023,917.55,157.81,144796.0,65245.0,79551.0,,18034.0,22475.0,30458.0,39209.0,22470.0,12150.0,34620.0,,,,,,,,,3809.0,1602.0,2207.0,4.18,4.54,0.95,3.3,6.76,3.76,0.88,2.69,5.83,1535.0,605.0,930.0,,815.0,1063.0,1931.0,787.0,1144.0,,,,,,,,,,,,,,,,,,,,,,,,,,,,,,,,,,,,,,,,,,,,,,,,,,,111240.0,25684.0,655.0,84519.0,,52846.0,2684.0,7836.0,8987.0,,,,,,,,,,,,,,,,,,,,,,,,,,,,,,,,,
Tetuan,2023,537.47,297.69,160002.0,72938.0,87064.0,,16759.0,28139.0,41030.0,43546.0,19970.0,10558.0,30528.0,,,,,,,,,7019.0,2995.0,4024.0,6.28,6.8,2.79,5.32,9.73,5.7,2.73,3.97,8.97,2666.0,1047.0,1619.0,,1495.0,1748.0,3776.0,1500.0,2276.0,,,,,,,,,,,,,,,,,,,,,,,,,,,,,,,,,,,,,,,,,,,,,,,,,,,111546.0,37997.0,595.0,72442.0,,33867.0,2058.0,11553.0,7050.0,,,,,,,,,,,,,,,,,,,,,,,,,,,,,,,,,
Chamberi,2023,467.92,295.36,138204.0,61149.0,77055.0,,13378.0,24589.0,30814.0,35821.0,21950.0,11652.0,33602.0,,,,,,,,,3907.0,1644.0,2263.0,4.31,4.65,1.23,3.5,7.06,3.91,1.29,3.16,5.74,1407.0,534.0,873.0,,876.0,1054.0,1977.0,768.0,1209.0,,,,,,,,,,,,,,,,,,,,,,,,,,,,,,,,,,,,,,,,,,,,,,,,,,,106803.0,26943.0,649.0,78737.0,,43718.0,2558.0,8974.0,7824.0,,,,,,,,,,,,,,,,,,,,,,,,,,,,,,,,,
Fuencarral-El Pardo,2023,23783.84,10.45,248443.0,116944.0,131499.0,,39923.0,36388.0,49368.0,69057.0,37172.0,16535.0,53707.0,,,,,,,,,7791.0,3237.0,4554.0,5.11,5.75,1.89,4.9,7.6,4.43,2.1,3.57,5.97,3062.0,1139.0,1923.0,,1654.0,1987.0,4150.0,1583.0,2567.0,,,,,,,,,,,,,,,,,,,,,,,,,,,,,,,,,,,,,,,,,,,,,,,,,,,183019.0,45526.0,1208.0,135408.0,,71365.0,4698.0,19892.0,13722.0,,,,,,,,,,,,,,,,,,,,,,,,,,,,,,,,,
Moncloa-Aravaca,2023,4653.11,26.17,121757.0,56357.0,65400.0,,15603.0,21655.0,23029.0,34394.0,17931.0,9145.0,27076.0,,,,,,,,,3515.0,1544.0,1971.0,4.5,4.81,1.05,4.26,6.59,4.16,1.49,3.44,5.85,1367.0,563.0,804.0,,799.0,941.0,1775.0,745.0,1030.0,,,,,,,,,,,,,,,,,,,,,,,,,,,,,,,,,,,,,,,,,,,,,,,,,,,91473.0,22486.0,608.0,67999.0,,36516.0,2096.0,8408.0,6977.0,,,,,,,,,,,,,,,,,,,,,,,,,,,,,,,,,
Latina,2023,2542.72,95.04,241672.0,112093.0,129579.0,,26279.0,39169.0,49076.0,69510.0,35001.0,22637.0,57638.0,,,,,,,,,11925.0,5264.0,6661.0,7.66,8.22,3.52,7.3,10.42,7.04,3.8,5.99,9.11,4478.0,1786.0,2692.0,,2609.0,2685.0,6631.0,2655.0,3976.0,,,,,,,,,,,,,,,,,,,,,,,,,,,,,,,,,,,,,,,,,,,,,,,,,,,,,,,,,,,,,,,,,,,,,,,,,,,,,,,,,,,,,,,,,,,,
Latina,2022,,,,,,46.55,,,,,,,,195604.0,90654.0,,41444.0,19274.0,22170.0,,,,,,,,,,,,,,,,,,,,,,,,28146.0,,,,,,,,,,,,9620.0,27334.0,61417.0,39841.0,15625.0,34569.0,237.0,440.0,,,,7.3,6.9,7.1,7.8,6.3,124.0,496.0,2085.0,1919.0,10239.0,,,,,,,,,,,,230.0,40.0,177.0,497.0,983.0,462.0,,,,,,,,,,,,,,,,,,,,,,7.1,6.7,7.0,6.9,6.3,,,95971.0,2.47,11492.0,3308.0,1715.0,271.0,,,,,,,1542.0,1124.0
Latina,2021,,,,,,,,,,,,,,,,,,,,,,,,,,,,,,,,,,,,,,,,,,,,17718.0,3971.0,14001.0,5739.0,2000.0,236.0,3503.0,2119.0,914.0,60.0,1145.0,,,,,,,,,16088.0,7673.0,,,,,,,,,,,,,,,,,,,,,,,,,,,,,,,,,,,,,,,,,,,,,,,,,,,,,,,,1977.0,,,,,,,-1.3,88.0,82.1,24.8,20.5,,,
Latina,2020,,,,,,,,,,,,,,,,,,,,32957.0,13261.0,,,,,,,,,,,,,,,,,,,,,,,,,,,,,,,,,,,,,,,,,,,,,,,,,,,,,,,,,,,,,,,,,,,,,,,,,,,,,,,,,,,,,,,,,,,,,,,,,,,,,,,,,,,,,,,,,
Carabanchel,2023,1404.83,186.74,262339.0,122632.0,139707.0,,33146.0,46471.0,56651.0,77933.0,30617.0,17521.0,48138.0,,,,,,,,,14410.0,6201.0,8209.0,8.08,8.86,3.94,8.33,10.87,7.24,4.47,6.24,9.18,5270.0,2072.0,3198.0,,2869.0,3015.0,8526.0,3332.0,5194.0,,,,,,,,,,,,,,,,,,,,,,,,,,,,,,,,,,,,,,,,,,,,,,,,,,,,,,,,,,,,,,,,,,,,,,,,,,,,,,,,,,,,,,,,,,,,
Carabanchel,2022,,,,,,43.55,,,,,,,,200573.0,93154.0,,54941.0,26227.0,28714.0,,,,,,,,,,,,,,,,,,,,,,,,35453.0,,,,,,,,,,,,10123.0,27649.0,71408.0,40445.0,15113.0,31605.0,243.0,807.0,,,,7.1,6.6,7.1,7.7,5.9,174.0,1159.0,1471.0,1125.0,8664.0,,,,,,,,,,,,403.0,89.0,353.0,443.0,1226.0,522.0,,,,,,,,,,,,,,,,,,,,,,7.1,6.8,6.9,6.9,6.2,,,97264.0,2.63,9875.0,2884.0,2076.0,329.0,,,,,,,1442.0,1073.0
Carabanchel,2021,,,,,,,,,,,,,,,,,,,,,,,,,,,,,,,,,,,,,,,,,,,,17884.0,3058.0,15314.0,5984.0,2080.0,196.0,3708.0,2205.0,837.0,8.0,1360.0,,,,,,,,,17105.0,8205.0,,,,,,,,,,,,,,,,,,,,,,,,,,,,,,,,,,,,,,,,,,,,,,,,,,,,,,,,1975.0,,,,,,,-1.21,87.6,82.1,24.3,20.0,,,
Carabanchel,2020,,,,,,,,,,,,,,,,,,,,30890.0,11713.0,,,,,,,,,,,,,,,,,,,,,,,,,,,,,,,,,,,,,,,,,,,,,,,,,,,,,,,,,,,,,,,,,,,,,,,,,,,,,,,,,,,,,,,,,,,,,,,,,,,,,,,,,,,,,,,,,
Usera,2023,777.77,183.53,142746.0,67538.0,75208.0,,18772.0,26446.0,30614.0,43298.0,15129.0,8487.0,23616.0,,,,,,,,,8639.0,3749.0,4890.0,8.74,9.6,5.63,9.09,11.33,7.82,5.66,7.09,9.35,3194.0,1250.0,1944.0,,1663.0,1578.0,5398.0,2086.0,3312.0,,,,,,,,,,,,,,,,,,,,,,,,,,,,,,,,,,,,,,,,,,,,,,,,,,,,,,,,,,,,,,,,,,,,,,,,,,,,,,,,,,,,,,,,,,,,
Usera,2022,,,,,,42.61,,,,,,,,107113.0,49878.0,,33693.0,16653.0,17040.0,,,,,,,,,,,,,,,,,,,,,,,,20580.0,,,,,,,,,,,,7280.0,17846.0,42225.0,19148.0,6346.0,12921.0,55.0,553.0,,,,6.6,6.2,7.0,7.4,5.4,104.0,1083.0,1383.0,1846.0,4872.0,,,,,,,,,,,,208.0,18.0,172.0,160.0,823.0,340.0,,,,,,,,,,,,,,,,,,,,,,7.2,6.9,7.0,7.0,6.3,,,50543.0,2.79,4709.0,1377.0,1127.0,155.0,,,,,,,1339.0,1002.0
Usera,2021,,,,,,,,,,,,,,,,,,,,,,,,,,,,,,,,,,,,,,,,,,,,10719.0,674.0,10818.0,4356.0,1642.0,55.0,2659.0,1958.0,733.0,7.0,1218.0,,,,,,,,,10900.0,5260.0,,,,,,,,,,,,,,,,,,,,,,,,,,,,,,,,,,,,,,,,,,,,,,,,,,,,,,,,1978.0,,,,,,,-1.16,86.8,81.3,24.0,19.7,,,
Usera,2020,,,,,,,,,,,,,,,,,,,,28770.0,10239.0,,,,,,,,,,,,,,,,,,,,,,,,,,,,,,,,,,,,,,,,,,,,,,,,,,,,,,,,,,,,,,,,,,,,,,,,,,,,,,,,,,,,,,,,,,,,,,,,,,,,,,,,,,,,,,,,,
Puente de Vallecas,2023,1496.86,161.41,241603.0,114542.0,127061.0,,30050.0,44349.0,52706.0,72005.0,27662.0,14831.0,42493.0,,,,,,,,,16300.0,7105.0,9195.0,9.78,10.75,5.75,10.5,12.53,8.76,5.78,7.61,11.04,6215.0,2522.0,3693.0,,3122.0,3024.0,10154.0,3983.0,6171.0,,,,,,,,,,,,,,,,,,,,,,,,,,,,,,,,,,,,,,,,,,,,,,,,,,,,,,,,,,,,,,,,,,,,,,,,,,,,,,,,,,,,,,,,,,,,
Puente de Vallecas,2022,,,,,,43.3,,,,,,,,187981.0,88601.0,,47656.0,23146.0,24510.0,,,,,,,,,,,,,,,,,,,,,,,,31653.0,,,,,,,,,,,,15574.0,30257.0,71308.0,33494.0,9602.0,20461.0,172.0,847.0,,,,6.8,6.3,7.2,7.6,6.0,207.0,2286.0,2082.0,3049.0,7305.0,,,,,,,,,,,,476.0,97.0,300.0,534.0,1459.0,987.0,,,,,,,,,,,,,,,,,,,,,,6.9,6.5,7.1,7.1,6.3,,,89590.0,2.63,8412.0,2606.0,1993.0,258.0,,,,,,,1319.0,977.0
Puente de Vallecas,2021,,,,,,,,,,,,,,,,,,,,,,,,,,,,,,,,,,,,,,,,,,,,17023.0,2055.0,17227.0,6546.0,2714.0,134.0,3698.0,2440.0,966.0,2.0,1472.0,,,,,,,,,19786.0,9678.0,,,,,,,,,,,,,,,,,,,,,,,,,,,,,,,,,,,,,,,,,,,,,,,,,,,,,,,,1975.0,,,,,,,-1.44,86.9,80.1,23.9,19.2,,,
Puente de Vallecas,2020,,,,,,,,,,,,,,,,,,,,27714.0,10445.0,,,,,,,,,,,,,,,,,,,,,,,,,,,,,,,,,,,,,,,,,,,,,,,,,,,,,,,,,,,,,,,,,,,,,,,,,,,,,,,,,,,,,,,,,,,,,,,,,,,,,,,,,,,,,,,,,
Moratalaz,2023,610.32,152.07,92814.0,42212.0,50602.0,,9389.0,14972.0,16067.0,27871.0,14560.0,9955.0,24515.0,,,,,,,,,4497.0,1915.0,2582.0,7.72,8.46,3.5,7.77,10.35,6.91,4.37,6.33,8.24,1909.0,744.0,1165.0,,849.0,1024.0,2624.0,1066.0,1558.0,,,,,,,,,,,,,,,,,,,,,,,,,,,,,,,,,,,,,,,,,,,,,,,,,,,,,,,,,,,,,,,,,,,,,,,,,,,,,,,,,,,,,,,,,,,,
Moratalaz,2022,,,,,,48.26,,,,,,,,82516.0,37636.0,,9874.0,4459.0,5415.0,,,,,,,,,,,,,,,,,,,,,,,,10270.0,,,,,,,,,,,,3800.0,8999.0,20644.0,16291.0,7005.0,16971.0,77.0,240.0,,,,8.0,7.5,7.3,8.5,7.2,157.0,355.0,171.0,155095.0,2959.0,,,,,,,,,,,,77.0,6.0,86.0,44.0,537.0,75.0,,,,,,,,,,,,,,,,,,,,,,7.3,7.0,7.1,7.1,6.2,,,37530.0,2.46,4963.0,1231.0,640.0,118.0,,,,,,,1660.0,1215.0
Moratalaz,2021,,,,,,,,,,,,,,,,,,,,,,,,,,,,,,,,,,,,,,,,,,,,5287.0,1203.0,7628.0,1253.0,177.0,22.0,1054.0,894.0,242.0,9.0,643.0,,,,,,,,,6991.0,3242.0,,,,,,,,,,,,,,,,,,,,,,,,,,,,,,,,,,,,,,,,,,,,,,,,,,,,,,,,1977.0,,,,,,,-1.53,87.6,80.9,25.4,19.8,,,
Moratalaz,2020,,,,,,,,,,,,,,,,,,,,37890.0,15294.0,,,,,,,,,,,,,,,,,,,,,,,,,,,,,,,,,,,,,,,,,,,,,,,,,,,,,,,,,,,,,,,,,,,,,,,,,,,,,,,,,,,,,,,,,,,,,,,,,,,,,,,,,,,,,,,,,
Ciudad Lineal,2023,1142.57,192.85,220345.0,100759.0,119586.0,,23935.0,36347.0,46360.0,63851.0,31485.0,18367.0,49852.0,,,,,,,,,9277.0,3990.0,5287.0,6.43,6.95,2.27,5.7,9.39,5.85,2.94,4.32,8.38,3456.0,1357.0,2099.0,,2049.0,2421.0,4807.0,1941.0,2866.0,,,,,,,,,,,,,,,,,,,,,,,,,,,,,,,,,,,,,,,,,,,,,,,,,,,,,,,,,,,,,,,,,,,,,,,,,,,,,,,,,,,,,,,,,,,,
Ciudad Lineal,2022,,,,,,46.01,,,,,,,,180541.0,82088.0,,33362.0,15268.0,18094.0,,,,,,,,,,,,,,,,,,,,,,,,25661.0,,,,,,,,,,,,5982.0,17323.0,45599.0,35369.0,16323.0,48883.0,248.0,170.0,,,,7.5,7.1,7.3,8.3,6.8,63.0,249.0,580.0,729044.0,6181.0,,,,,,,,,,,,303.0,32.0,204.0,496.0,1287.0,512.0,,,,,,,,,,,,,,,,,,,,,,7.0,6.7,7.1,6.9,6.4,,,87240.0,2.45,10645.0,2912.0,1635.0,349.0,,,,,,,1644.0,1240.0
Ciudad Lineal,2021,,,,,,,,,,,,,,,,,,,,,,,,,,,,,,,,,,,,,,,,,,,,15420.0,9308.0,7385.0,3767.0,1767.0,483.0,1517.0,1884.0,1006.0,339.0,539.0,,,,,,,,,12067.0,5620.0,,,,,,,,,,,,,,,,,,,,,,,,,,,,,,,,,,,,,,,,,,,,,,,,,,,,,,,,1975.0,,,,,,,-1.35,87.7,82.2,24.7,20.0,,,
Ciudad Lineal,2020,,,,,,,,,,,,,,,,,,,,40532.0,16436.0,,,,,,,,,,,,,,,,,,,,,,,,,,,,,,,,,,,,,,,,,,,,,,,,,,,,,,,,,,,,,,,,,,,,,,,,,,,,,,,,,,,,,,,,,,,,,,,,,,,,,,,,,,,,,,,,,
Hortaleza,2023,2762.61,71.81,198391.0,94100.0,104291.0,,32172.0,29870.0,40839.0,58359.0,25316.0,11835.0,37151.0,,,,,,,,,6915.0,2781.0,4134.0,5.44,6.29,2.0,5.02,8.59,4.54,2.12,3.58,6.18,2842.0,1046.0,1796.0,,1425.0,1887.0,3603.0,1356.0,2247.0,,,,,,,,,,,,,,,,,,,,,,,,,,,,,,,,,,,,,,,,,,,,,,,,,,,,,,,,,,,,,,,,,,,,,,,,,,,,,,,,,,,,,,,,,,,,
Hortaleza,2022,,,,,,42.8,,,,,,,,172954.0,82650.0,,22061.0,9881.0,12180.0,,,,,,,,,,,,,,,,,,,,,,,,34111.0,,,,,,,,,,,,4477.0,11943.0,29945.0,28587.0,15756.0,53021.0,92.0,130.0,,,,7.8,7.5,7.3,8.5,7.3,48.0,184.0,525.0,648594.0,4269.0,,,,,,,,,,,,46.0,30.0,113.0,496.0,798.0,248.0,,,,,,,,,,,,,,,,,,,,,,7.0,6.7,6.9,6.8,6.4,,,73289.0,2.66,6075.0,1771.0,1962.0,488.0,,,,,,,1679.0,1234.0
Hortaleza,2021,,,,,,,,,,,,,,,,,,,,,,,,,,,,,,,,,,,,,,,,,,,,12582.0,14112.0,12202.0,3756.0,455.0,1927.0,1374.0,1410.0,595.0,84.0,731.0,,,,,,,,,9599.0,4732.0,,,,,,,,,,,,,,,,,,,,,,,,,,,,,,,,,,,,,,,,,,,,,,,,,,,,,,,,1987.0,,,,,,,0.92,87.7,83.0,24.5,20.5,,,
Hortaleza,2020,,,,,,,,,,,,,,,,,,,,52880.0,19890.0,,,,,,,,,,,,,,,,,,,,,,,,,,,,,,,,,,,,,,,,,,,,,,,,,,,,,,,,,,,,,,,,,,,,,,,,,,,,,,,,,,,,,,,,,,,,,,,,,,,,,,,,,,,,,,,,,
Villaverde,2023,2018.76,78.78,159038.0,76131.0,82907.0,,22776.0,29277.0,33570.0,47412.0,16437.0,9566.0,26003.0,,,,,,,,,9928.0,4227.0,5701.0,9.16,10.29,4.56,10.17,12.32,7.97,5.42,7.23,9.62,3690.0,1387.0,2303.0,,1983.0,1934.0,6011.0,2244.0,3767.0,,,,,,,,,,,,,,,,,,,,,,,,,,,,,,,,,,,,,,,,,,,,,,,,,,,,,,,,,,,,,,,,,,,,,,,,,,,,,,,,,,,,,,,,,,,,
Villaverde,2022,,,,,,42.11,,,,,,,,120621.0,57198.0,,33207.0,16400.0,16807.0,,,,,,,,,,,,,,,,,,,,,,,,24218.0,,,,,,,,,,,,8546.0,17711.0,45283.0,22779.0,6863.0,12921.0,105.0,531.0,,,,6.6,6.2,7.0,7.1,5.5,130.0,1102.0,1335.0,1144.0,4515.0,,,,,,,,,,,,265.0,26.0,212.0,264.0,643.0,299.0,,,,,,,,,,,,,,,,,,,,,,6.8,6.8,6.9,6.9,6.3,,,55291.0,2.78,4846.0,1359.0,1345.0,198.0,,,,,,,1424.0,1014.0
Villaverde,2021,,,,,,,,,,,,,,,,,,,,,,,,,,,,,,,,,,,,,,,,,,,,7221.0,1016.0,15463.0,4371.0,1330.0,16.0,3025.0,1416.0,236.0,5.0,1175.0,,,,,,,,,11539.0,5811.0,,,,,,,,,,,,,,,,,,,,,,,,,,,,,,,,,,,,,,,,,,,,,,,,,,,,,,,,1979.0,,,,,,,-0.63,87.4,80.6,24.4,19.2,,,
Villaverde,2020,,,,,,,,,,,,,,,,,,,,29640.0,10591.0,,,,,,,,,,,,,,,,,,,,,,,,,,,,,,,,,,,,,,,,,,,,,,,,,,,,,,,,,,,,,,,,,,,,,,,,,,,,,,,,,,,,,,,,,,,,,,,,,,,,,,,,,,,,,,,,,
Villa de Vallecas,2023,5146.72,22.83,117501.0,56726.0,60775.0,,20262.0,18340.0,29392.0,33940.0,11390.0,4177.0,15567.0,,,,,,,,,6619.0,2601.0,4018.0,8.22,9.74,5.84,8.91,11.7,6.63,5.25,5.97,7.78,2650.0,947.0,1703.0,,1136.0,1405.0,4078.0,1465.0,2613.0,,,,,,,,,,,,,,,,,,,,,,,,,,,,,,,,,,,,,,,,,,,,,,,,,,,,,,,,,,,,,,,,,,,,,,,,,,,,,,,,,,,,,,,,,,,,
Villa de Vallecas,2022,,,,,,39.96,,,,,,,,98442.0,47859.0,,16375.0,7721.0,8654.0,,,,,,,,,,,,,,,,,,,,,,,,21448.0,,,,,,,,,,,,4671.0,8727.0,27552.0,18256.0,8130.0,16530.0,17.0,557.0,,,,7.5,7.0,7.1,8.1,6.5,65.0,777.0,484.0,745099.0,1618.0,,,,,,,,,,,,183.0,35.0,173.0,387.0,549.0,221.0,,,,,,,,,,,,,,,,,,,,,,6.7,6.7,7.0,7.0,6.1,,,44169.0,2.6,2516.0,840.0,1454.0,294.0,,,,,,,1508.0,1080.0
Villa de Vallecas,2021,,,,,,,,,,,,,,,,,,,,,,,,,,,,,,,,,,,,,,,,,,,,8382.0,1511.0,9324.0,1932.0,468.0,39.0,1425.0,1144.0,290.0,1.0,853.0,,,,,,,,,6965.0,3408.0,,,,,,,,,,,,,,,,,,,,,,,,,,,,,,,,,,,,,,,,,,,,,,,,,,,,,,,,1990.0,,,,,,,0.07,87.1,81.7,24.1,19.8,,,
Villa de Vallecas,2020,,,,,,,,,,,,,,,,,,,,34190.0,13099.0,,,,,,,,,,,,,,,,,,,,,,,,,,,,,,,,,,,,,,,,,,,,,,,,,,,,,,,,,,,,,,,,,,,,,,,,,,,,,,,,,,,,,,,,,,,,,,,,,,,,,,,,,,,,,,,,,
Vicalvaro,2023,3526.67,23.76,83804.0,40580.0,43224.0,,12775.0,15036.0,17671.0,27071.0,7229.0,4022.0,11251.0,,,,,,,,,4475.0,1832.0,2643.0,7.66,8.87,3.84,8.55,10.73,6.39,4.23,6.13,7.36,1832.0,704.0,1128.0,,829.0,1035.0,2611.0,1003.0,1608.0,,,,,,,,,,,,,,,,,,,,,,,,,,,,,,,,,,,,,,,,,,,,,,,,,,,,,,,,,,,,,,,,,,,,,,,,,,,,,,,,,,,,,,,,,,,,
Vicalvaro,2022,,,,,,40.92,,,,,,,,68760.0,33310.0,,10568.0,5127.0,5441.0,,,,,,,,,,,,,,,,,,,,,,,,13495.0,,,,,,,,,,,,3240.0,6604.0,18546.0,12377.0,5342.0,11380.0,3.0,150.0,,,,7.3,7.0,6.9,8.0,6.4,54.0,529.0,833.0,894965.0,1767.0,,,,,,,,,,,,134.0,5.0,85.0,30.0,330.0,82.0,,,,,,,,,,,,,,,,,,,,,,6.8,6.6,6.7,6.8,6.1,,,29407.0,2.7,1883.0,631.0,766.0,145.0,,,,,,,1450.0,1027.0
Vicalvaro,2021,,,,,,,,,,,,,,,,,,,,,,,,,,,,,,,,,,,,,,,,,,,,3154.0,467.0,8101.0,1253.0,370.0,8.0,875.0,703.0,124.0,1.0,578.0,,,,,,,,,4626.0,2282.0,,,,,,,,,,,,,,,,,,,,,,,,,,,,,,,,,,,,,,,,,,,,,,,,,,,,,,,,1998.0,,,,,,,4.96,88.4,82.6,25.1,20.7,,,
Vicalvaro,2020,,,,,,,,,,,,,,,,,,,,35589.0,13123.0,,,,,,,,,,,,,,,,,,,,,,,,,,,,,,,,,,,,,,,,,,,,,,,,,,,,,,,,,,,,,,,,,,,,,,,,,,,,,,,,,,,,,,,,,,,,,,,,,,,,,,,,,,,,,,,,,
San Blas,2023,2229.24,72.32,161219.0,76154.0,85065.0,,19981.0,29511.0,30922.0,52138.0,18506.0,10161.0,28667.0,,,,,,,,,8090.0,3384.0,4706.0,7.29,8.23,2.97,7.46,10.46,6.3,3.44,5.47,8.02,3218.0,1227.0,1991.0,,1683.0,1956.0,4451.0,1701.0,2750.0,,,,,,,,,,,,,,,,,,,,,,,,,,,,,,,,,,,,,,,,,,,,,,,,,,,115873.0,37900.0,720.0,76518.0,,31380.0,2246.0,15470.0,6892.0,,,,,,,,,,,,,,,,,,,,,,,,,,,,,,,,,
Barajas,2023,4171.65,11.66,48646.0,23332.0,25314.0,,7308.0,7596.0,9330.0,15132.0,6699.0,2581.0,9280.0,,,,,,,,,1588.0,638.0,950.0,5.03,5.85,1.77,5.22,7.52,4.17,1.93,3.43,5.51,637.0,235.0,402.0,,349.0,448.0,791.0,289.0,502.0,,,,,,,,,,,,,,,,,,,,,,,,,,,,,,,,,,,,,,,,,,,,,,,,,,,,,,,,,,,,,,,,,,,,,,,,,,,,,,,,,,,,,,,,,,,,
Barajas,2022,,,,,,43.34,,,,,,,,43541.0,21105.0,,4861.0,2169.0,2692.0,,,,,,,,,,,,,,,,,,,,,,,,8098.0,,,,,,,,,,,,1033.0,2371.0,7568.0,8066.0,4537.0,12152.0,20.0,28.0,,,,8.0,7.8,7.3,8.7,7.6,6.0,71.0,173.0,296464.0,633.0,,,,,,,,,,,,83.0,6.0,94.0,51.0,386.0,89.0,,,,,,,,,,,,,,,,,,,,,,7.3,7.1,6.9,6.6,6.5,,,18345.0,2.64,1287.0,501.0,497.0,137.0,,,,,,,1845.0,1366.0
Barajas,2021,,,,,,,,,,,,,,,,,,,,,,,,,,,,,,,,,,,,,,,,,,,,2664.0,2013.0,5111.0,739.0,110.0,60.0,569.0,328.0,148.0,7.0,173.0,,,,,,,,,2360.0,1196.0,,,,,,,,,,,,,,,,,,,,,,,,,,,,,,,,,,,,,,,,,,,,,,,,,,,,,,,,1984.0,,,,,,,-3.4,87.7,83.5,24.4,20.5,,,
Barajas,2020,,,,,,,,,,,,,,,,,,,,50985.0,19138.0,,,,,,,,,,,,,,,,,,,,,,,,,,,,,,,,,,,,,,,,,,,,,,,,,,,,,,,,,,,,,,,,,,,,,,,,,,,,,,,,,,,,,,,,,,,,,,,,,,,,,,,,,,,,,,,,,
Latina,2023,,,,,,,,,,,,,,,,,,,,,,,,,,,,,,,,,,,,,,,,,,,,,,,,,,,,,,,,,,,,,,,,,,,,,,,,,,,,,,,,,,,,,,,,,,,,,172548.0,55702.0,991.0,114759.0,,45623.0,2725.0,22562.0,10177.0,,,,,,,,,,,,,,,,,,,,,,,,,,,,,,,,,
Carabanchel,2023,,,,,,,,,,,,,,,,,,,,,,,,,,,,,,,,,,,,,,,,,,,,,,,,,,,,,,,,,,,,,,,,,,,,,,,,,,,,,,,,,,,,,,,,,,,,,171771.0,64297.0,894.0,105589.0,,39936.0,2502.0,21714.0,9329.0,,,,,,,,,,,,,,,,,,,,,,,,,,,,,,,,,
Usera,2023,,,,,,,,,,,,,,,,,,,,,,,,,,,,,,,,,,,,,,,,,,,,,,,,,,,,,,,,,,,,,,,,,,,,,,,,,,,,,,,,,,,,,,,,,,,,,90259.0,37024.0,433.0,52345.0,,17293.0,983.0,11587.0,4634.0,,,,,,,,,,,,,,,,,,,,,,,,,,,,,,,,,
Puente de Vallecas,2023,,,,,,,,,,,,,,,,,,,,,,,,,,,,,,,,,,,,,,,,,,,,,,,,,,,,,,,,,,,,,,,,,,,,,,,,,,,,,,,,,,,,,,,,,,,,,162009.0,65654.0,757.0,94710.0,,25289.0,1506.0,25112.0,7454.0,,,,,,,,,,,,,,,,,,,,,,,,,,,,,,,,,
Moratalaz,2023,,,,,,,,,,,,,,,,,,,,,,,,,,,,,,,,,,,,,,,,,,,,,,,,,,,,,,,,,,,,,,,,,,,,,,,,,,,,,,,,,,,,,,,,,,,,,72381.0,21920.0,454.0,49600.0,,20419.0,1332.0,10033.0,4032.0,,,,,,,,,,,,,,,,,,,,,,,,,,,,,,,,,
Ciudad Lineal,2023,,,,,,,,,,,,,,,,,,,,,,,,,,,,,,,,,,,,,,,,,,,,,,,,,,,,,,,,,,,,,,,,,,,,,,,,,,,,,,,,,,,,,,,,,,,,,160964.0,50519.0,889.0,108781.0,,51315.0,3425.0,18504.0,9882.0,,,,,,,,,,,,,,,,,,,,,,,,,,,,,,,,,
Hortaleza,2023,,,,,,,,,,,,,,,,,,,,,,,,,,,,,,,,,,,,,,,,,,,,,,,,,,,,,,,,,,,,,,,,,,,,,,,,,,,,,,,,,,,,,,,,,,,,,142990.0,37827.0,949.0,103542.0,,53525.0,3739.0,15306.0,9953.0,,,,,,,,,,,,,,,,,,,,,,,,,,,,,,,,,
Villaverde,2023,,,,,,,,,,,,,,,,,,,,,,,,,,,,,,,,,,,,,,,,,,,,,,,,,,,,,,,,,,,,,,,,,,,,,,,,,,,,,,,,,,,,,,,,,,,,,101377.0,39768.0,544.0,60158.0,,19409.0,1273.0,15444.0,5327.0,,,,,,,,,,,,,,,,,,,,,,,,,,,,,,,,,
Villa de Vallecas,2023,,,,,,,,,,,,,,,,,,,,,,,,,,,,,,,,,,,,,,,,,,,,,,,,,,,,,,,,,,,,,,,,,,,,,,,,,,,,,,,,,,,,,,,,,,,,,79736.0,26506.0,546.0,52157.0,,17625.0,1383.0,10804.0,4551.0,,,,,,,,,,,,,,,,,,,,,,,,,,,,,,,,,
Vicalvaro,2023,,,,,,,,,,,,,,,,,,,,,,,,,,,,,,,,,,,,,,,,,,,,,,,,,,,,,,,,,,,,,,,,,,,,,,,,,,,,,,,,,,,,,,,,,,,,,58798.0,17561.0,480.0,40359.0,,14722.0,1364.0,8199.0,3446.0,,,,,,,,,,,,,,,,,,,,,,,,,,,,,,,,,
Barajas,2023,,,,,,,,,,,,,,,,,,,,,,,,,,,,,,,,,,,,,,,,,,,,,,,,,,,,,,,,,,,,,,,,,,,,,,,,,,,,,,,,,,,,,,,,,,,,,35989.0,9431.0,244.0,26129.0,,13090.0,1016.0,3987.0,2498.0,,,,,,,,,,,,,,,,,,,,,,,,,,,,,,,,,
